incident_id,project_name,year,source,priority_type,reference,issue_category,issue_subtype,root_cause,impact,affected_contracts,contract_name,attack_surface,start_line,end_line,vulnerable_code
ACF-001,TBTCSystem,2020,TTWeb,High,https://consensys.net//diligence/audits/2020/02/thesis-tbtc-and-keep/,Access Control,Missing Modifier,"TBTCSystem.requestNewKeep is used by each new Deposit contract on creation. It calls BondedECDSAKeepFactory.openKeep, which sets the Deposit contract as the “owner,” a permissioned role within the created keep. openKeep also automatically allocates bonds from members registered to the application. The “application” from which member bonds are allocated is the tbtc system itself. Because requestNewKeep has no access controls, anyone can request that a keep be opened with msg.sender as the “owner,” and arbitrary signing threshold values:","Potential unauthorized invocation of requestNewKeep(uint256 _m, uint256 _n, uint256 _bond).",,TBTCSystem,"requestNewKeep(uint256 _m, uint256 _n, uint256 _bond)",265,273,"    function requestNewKeep(uint256 _m, uint256 _n, uint256 _bond)
        external
        payable
        returns (address)
    {
        IBondedECDSAKeepVendor _keepVendor = IBondedECDSAKeepVendor(keepVendor);
        IBondedECDSAKeepFactory _keepFactory = IBondedECDSAKeepFactory(_keepVendor.selectFactory());
        return _keepFactory.openKeep.value(msg.value)(_n, _m, msg.sender, _bond);
    }"
ACF-002,USSD2,2023,TTWeb,High,https://github.com/sherlock-audit/2023-05-USSD-judging/blob/main//008-H/875.md,Access Control,Missing Modifier,"I believe that mintRebalancer and burnRebalancer functions suppose only be called from USSDRebalancer, but it's not enforced and anyone can do it",Potential unauthorized invocation of burnRebalancer(uint256 amount).,,USSD,burnRebalancer(uint256 amount),208,210,"    function burnRebalancer(uint256 amount) public override {
        _burn(address(this), amount);
    }"
ACF-003,RoundFactory,2023,TTWeb,High,https://github.com/sherlock-audit/2023-03-Gitcoin-judging/blob/main//invalid/140.md,Access Control,Missing Modifier,"According to the ""Overview"" in the README, a program operator is supposed to manage a round like this: Each grant-giving organization will have an on-chain program, which manages it's rounds. However, within the RoundFactory#create() above, there is no validation to check wether or not the caller would be a program operator who has a Program Operator Role. As a result, any users can call the RoundFactory#create() above and they can freely create a round.","Potential unauthorized invocation of create(bytes calldata encodedParameters,   address ownedBy).",,RoundFactory,"create(bytes calldata encodedParameters,   address ownedBy)",92,110,"  function create(
    bytes calldata encodedParameters,
    address ownedBy
  ) external returns (address) {

    require(roundImplementation != address(0), ""roundImplementation is 0x"");
    require(alloSettings != address(0), ""alloSettings is 0x"");

    address clone = ClonesUpgradeable.clone(roundImplementation);

    emit RoundCreated(clone, ownedBy, payable(roundImplementation));

    IRoundImplementation(payable(clone)).initialize(
      encodedParameters,
      alloSettings
    );

    return clone;
  }"
ACF-004,BaseStrategyVault,2022,TTWeb,High,https://github.com/sherlock-audit/2022-12-notional-judging/blob/main//low/056.md,Access Control,Missing Modifier,Contracts that inherit from BaseStrategyVault and not include access control when calling their initialize function will be vulnerable to frontrunning calls to initialize.,"Potential unauthorized invocation of __INIT_VAULT(string memory name_,     uint16 borrowCurrencyId_).",,BaseStrategyVault,"__INIT_VAULT(string memory name_,     uint16 borrowCurrencyId_)",91,102,"    function __INIT_VAULT(
        string memory name_,
        uint16 borrowCurrencyId_
    ) internal onlyInitializing {
        _NAME = name_;
        _BORROW_CURRENCY_ID = borrowCurrencyId_;

        address underlyingAddress = _getNotionalUnderlyingToken(borrowCurrencyId_);
        _UNDERLYING_TOKEN = IERC20(underlyingAddress);
        _UNDERLYING_IS_ETH = underlyingAddress == address(0);
        _setupRole(DEFAULT_ADMIN_ROLE, NOTIONAL.owner());
    }"
ACF-005,CoolerRequest,2023,TTWeb,High,https://github.com/sherlock-audit/2023-01-cooler-judging/blob/main//025-M/199.md,Access Control,Missing Modifier,"Because is lack of access control on request() function, anyone can call it up and without any restriction create many different fake requests. This could seriously compromise the whole contract.","Potential unauthorized invocation of request(uint256 amount,     uint256 interest,     uint256 loanToCollateral,     uint256 duration).",,Cooler,"request(uint256 amount,     uint256 interest,     uint256 loanToCollateral,     uint256 duration)",74,86,"    function request (
        uint256 amount,
        uint256 interest,
        uint256 loanToCollateral,
        uint256 duration
    ) external returns (uint256 reqID) {
        reqID = requests.length;
        factory.newEvent(reqID, CoolerFactory.Events.Request);
        requests.push(
            Request(amount, interest, loanToCollateral, duration, true)
        );
        collateral.transferFrom(msg.sender, address(this), collateralFor(amount, loanToCollateral));
    }"
ACF-006,USSD1,2023,TTWeb,High,https://github.com/sherlock-audit/2023-05-USSD-judging/blob/main//008-H/895.md,Access Control,Missing Modifier,"I believe that mintRebalancer and burnRebalancer functions suppose only be called from USSDRebalancer, but it's not enforced and anyone can do it",Potential unauthorized invocation of mintRebalancer(uint256 amount).,,USSD,mintRebalancer(uint256 amount),204,206,"    function mintRebalancer(uint256 amount) public override {
        _mint(address(this), amount);
    }"
ACF-007,ProtectionPoolCycleManager,2023,TTWeb,High,https://github.com/sherlock-audit/2023-02-carapace-judging/blob/main//false/243.md,Access Control,Unprotected Initialization,There is no Access control in initialize() method. So anyone can frontrun the transaction and call that on deployer's behalf to gain access.,Potential unauthorized invocation of initialize().,,ProtectionPoolCycleManager,initialize(),50,52,"  function initialize() external initializer {
    __UUPSUpgradeableBase_init();
  }"
ACF-008,Log,2021,TTWeb,High,https://consensys.net//diligence/audits/2021/03/defi-saver/,Access Control,Missing Modifier,"DefiSaverLogger is used as a logging aggregator within the entire dapp, but anyone can create logs.","Potential unauthorized invocation of Log(address _contract,   address _caller,   string memory _logName,   bytes memory _data).",,Log,"Log(address _contract,   address _caller,   string memory _logName,   bytes memory _data)",1,8,"function Log(
    address _contract,
    address _caller,
    string memory _logName,
    bytes memory _data
) public {
    emit LogEvent(_contract, _caller, _logName, _data);
}"
ACF-009,CollateralManager1,2023,TTWeb,High,https://github.com/sherlock-audit/2023-03-teller-judging/blob/main//001-H/121.md,Access Control,Missing Modifier,"commitCollateral() lacks access control, as a result, anybody can commit collaterals for a borrower after the borrower submits a bid. The borrower will send more collaterals than necessary and might lose more collaterals during default.","Potential unauthorized invocation of commitCollateral(uint256 _bidId,     Collateral[] calldata _collateralInfo).",,CollateralManager,"commitCollateral(uint256 _bidId,     Collateral[] calldata _collateralInfo)",117,130,"    function commitCollateral(
        uint256 _bidId,
        Collateral[] calldata _collateralInfo
    ) public returns (bool validation_) {
        address borrower = tellerV2.getLoanBorrower(_bidId);
        (validation_, ) = checkBalances(borrower, _collateralInfo);

        if (validation_) {
            for (uint256 i; i < _collateralInfo.length; i++) {
                Collateral memory info = _collateralInfo[i];
                _commitCollateral(_bidId, info);
            }
        }
    }"
ACF-010,AccountManager,2022,TTWeb,High,https://github.com/sherlock-audit/2022-08-sentiment-judging/blob/main//info/246-h.md,Access Control,Missing Modifier,AccountManager.init() is missing an access control which allows anyone to call the init() function and become the owner of the contract. This also allows for potential frontrunning of the function allowing an attacker to frontrun the transaction to initialize the contract and become the owner.,Potential unauthorized invocation of init(IRegistry _registry).,,AccountManager,init(IRegistry _registry),68,73,"    function init(IRegistry _registry) external {
        if (initialized) revert Errors.ContractAlreadyInitialized();
        initialized = true;
        initPausable(msg.sender);
        registry = _registry;
    }"
ACF-011,LienToken,2022,TTWeb,High,https://github.com/sherlock-audit/2022-10-astaria-judging/blob/main//017-M/153.md,Access Control,Missing Modifier,lack of access control in LienToken.sol#_deleteLienPosition allows anyone to modify the LienToken position.,"Potential unauthorized invocation of _deleteLienPosition(uint256 collateralId, uint256 position).",,LienToken,"_deleteLienPosition(uint256 collateralId, uint256 position)",651,664,"  function _deleteLienPosition(uint256 collateralId, uint256 position) public {
    uint256[] storage stack = liens[collateralId];
    require(position < stack.length, ""index out of bounds"");

    emit RemoveLien(
      stack[position],
      lienData[stack[position]].collateralId,
      lienData[stack[position]].position
    );
    for (uint256 i = position; i < stack.length - 1; i++) {
      stack[i] = stack[i + 1];
    }
    stack.pop();
  }"
ACF-012,CrabNetting,2022,TTWeb,High,https://github.com/sherlock-audit/2022-10-astaria-judging/blob/main//017-M/161.md,Access Control,Missing Modifier,"Anyone can call checkOrder() to invalidated an order. If someone other than the trader of the order call to invalidate an order, the normal auction operations could be influenced, traders could also suffer loss due to the cancellation of their orders. In _useNonce(), this order can be invalidated by setting the nonces[][] to be true, then in the auction call will fail due to revert in _checkOrder(_p.orders[i]). The severity of impacts vary. During severe market conditions malicious user could even frontrun the admin's auction txn and invalidate the orders. When the market is tumbling, the price is changing rapidly, and the failure of txn could cause fund loss for lots of users. Or for example, the trader plan to stop loss with the order, but since the order is cancelled, the trader's position could be liquidated.",Potential unauthorized invocation of checkOrder(Order memory _order).,,CrabNetting,checkOrder(Order memory _order),447,449,"    function checkOrder(Order memory _order) external {
        return _checkOrder(_order);
    }"
ACF-013,PassThroughWalletImpl,2023,TTWeb,High,https://github.com/sherlock-audit/2023-04-splits-judging/blob/main//false/023.md,Access Control,Unprotected Initialization,"The initializer function in PassThroughWalletImpl.sol is used to set the initial values of the contract, such as the owner, paused state, and pass-through address. Currently, the function only checks if the caller is the PassThroughWalletFactory. However, due to the lack of access control, an attacker could potentially call the function and overwrite the contract's state.",Potential unauthorized invocation of initializer(InitParams calldata params_).,,PassThroughWalletImpl,initializer(InitParams calldata params_),78,85,"    function initializer(InitParams calldata params_) external {
        // only passThroughWalletFactory may call `initializer`
        if (msg.sender != passThroughWalletFactory) revert Unauthorized();

        // don't need to init wallet separately
        __initPausable({owner_: params_.owner, paused_: params_.paused});
        $passThrough = params_.passThrough;
    }"
ACF-014,DODO,2021,DeFi Hack Labs,High,https://wooded-meter-1d8.notion.site/0e85e02c5ed34df3855ea9f3ca40f53b?v=22e5e2c506ef4caeb40b4f78e23517ee&p=fb6683bd7bdf4205a753677c17148e86&pm=s,Access Control,Missing Modifier,"The init() function in the pool creation contract could be called multiple times, leading to repeated initializations. The attackers took advantage of this and borrowed out the tokens in the liquidity pools using flash loans. The pool contract was then initialized again and counterfeit tokens created by the attackers were returned in lieu of the original tokens, bypassing the flash loan return check logic","Potential unauthorized invocation of init(address maintainer,     address baseTokenAddress,     address quoteTokenAddress,     uint256 lpFeeRate,     address mtFeeRateModel,     uint256 i,     uint256 k,     bool isOpenTWAP).",,DVM,"init(address maintainer,     address baseTokenAddress,     address quoteTokenAddress,     uint256 lpFeeRate,     address mtFeeRateModel,     uint256 i,     uint256 k,     bool isOpenTWAP)",1419,1469,"    function init(
        address maintainer,
        address baseTokenAddress,
        address quoteTokenAddress,
        uint256 lpFeeRate,
        address mtFeeRateModel,
        uint256 i,
        uint256 k,
        bool isOpenTWAP
    ) external {
        require(baseTokenAddress != quoteTokenAddress, ""BASE_QUOTE_CAN_NOT_BE_SAME"");
        _BASE_TOKEN_ = IERC20(baseTokenAddress);
        _QUOTE_TOKEN_ = IERC20(quoteTokenAddress);

        require(i > 0 && i <= 10**36);
        _I_ = i;

        require(k <= 10**18);
        _K_ = k;

        _LP_FEE_RATE_ = lpFeeRate;
        _MT_FEE_RATE_MODEL_ = IFeeRateModel(mtFeeRateModel);
        _MAINTAINER_ = maintainer;

        _IS_OPEN_TWAP_ = isOpenTWAP;
        if(isOpenTWAP) _BLOCK_TIMESTAMP_LAST_ = uint32(block.timestamp % 2**32);

        string memory connect = ""_"";
        string memory suffix = ""DLP"";

        name = string(abi.encodePacked(suffix, connect, addressToShortString(address(this))));
        symbol = ""DLP"";
        decimals = _BASE_TOKEN_.decimals();

        // ============================== Permit ====================================
        uint256 chainId;
        assembly {
            chainId := chainid()
        }
        DOMAIN_SEPARATOR = keccak256(
            abi.encode(
                // keccak256('EIP712Domain(string name,string version,uint256 chainId,address verifyingContract)'),
                0x8b73c3c69bb8fe3d512ecc4cf759cc79239f7b179b0ffacaa9a75d522b39400f,
                keccak256(bytes(name)),
                keccak256(bytes(""1"")),
                chainId,
                address(this)
            )
        );
        // ==========================================================================
    }"
ACF-015,EFLeverVault,2022,DeFi Hack Labs,High,https://wooded-meter-1d8.notion.site/0e85e02c5ed34df3855ea9f3ca40f53b?v=22e5e2c506ef4caeb40b4f78e23517ee&p=1a7771e9653742819e3425714ef79606&pm=s,Access Control,General Access Control,"Attacker can directly call Flashloan with userData “0x307832” which is bytes “0x2” from balancer and set EFLeverVault as recipient to trigger  _withdraw(loan_amount, fee_amount);  to make vault retain enough ETH. Then attacker can call withdraw to drain out the ETH in L429.","Potential unauthorized invocation of receiveFlashLoan(IERC20[] memory tokens,     uint256[] memory amounts,     uint256[] memory feeAmounts,     bytes memory userData).",,EFLeverVault,"receiveFlashLoan(IERC20[] memory tokens,     uint256[] memory amounts,     uint256[] memory feeAmounts,     bytes memory userData)",310,327,"  function receiveFlashLoan(
        IERC20[] memory tokens,
        uint256[] memory amounts,
        uint256[] memory feeAmounts,
        bytes memory userData
    ) public payable {
        require(msg.sender == balancer, ""only flashloan vault"");

        uint256 loan_amount = amounts[0];
        uint256 fee_amount = feeAmounts[0];

        if (keccak256(userData) == keccak256(""0x1"")){
          _deposit(loan_amount, fee_amount);
        }
        if (keccak256(userData) == keccak256(""0x2"")){
          _withdraw(loan_amount, fee_amount);
        }
    }"
ACF-016,Parity,2017,DeFi Hack Labs,High,https://wooded-meter-1d8.notion.site/0e85e02c5ed34df3855ea9f3ca40f53b?v=22e5e2c506ef4caeb40b4f78e23517ee&p=a1c5404b7dc945a48bc4896b8b6b0f93&pm=s,Access Control,Missing Modifier,"The function initWallet lacks proper access control checks, allowing unauthorized callers.","Unauthorized callers may invoke initWallet(address[] _owners, uint _required, uint _daylimit) to perform privileged actions.",,WalletLibrary,"initWallet(address[] _owners, uint _required, uint _daylimit)",223,226,"  function initWallet(address[] _owners, uint _required, uint _daylimit) only_uninitialized {
    initDaylimit(_daylimit);
    initMultiowned(_owners, _required);
  }"
ACF-017,Rikkei Finance,2022,DeFi Hack Labs,High,https://wooded-meter-1d8.notion.site/0e85e02c5ed34df3855ea9f3ca40f53b?v=22e5e2c506ef4caeb40b4f78e23517ee&p=0cb7e75b227c42d6b5a36e73a5affc79&pm=s,Access Control,Missing Modifier,SetOracleData() function whose visibility is public and can be called externally. Anyone can call SetOracleData to manipulate price.,"Potential unauthorized invocation of setOracleData(address rToken, oracleChainlink _oracle).",,SimplePriceOracle,"setOracleData(address rToken, oracleChainlink _oracle)",29,31,"    function setOracleData(address rToken, oracleChainlink _oracle) external {
        oracleData[rToken] = _oracle;
    }"
ACF-018,Sandbox LAND,2022,DeFi Hack Labs,High,https://wooded-meter-1d8.notion.site/0e85e02c5ed34df3855ea9f3ca40f53b?v=22e5e2c506ef4caeb40b4f78e23517ee&p=e8c3b351a29e45e78393314f0b84a104&pm=s,Access Control,Missing Modifier,"The function _burn lacks proper access control checks, allowing unauthorized callers.","Unauthorized callers may invoke _burn(address from, address owner, uint256 id) to perform privileged actions.",,ERC721BaseToken,"_burn(address from, address owner, uint256 id)",355,360,"    function _burn(address from, address owner, uint256 id) public {
        require(from == owner, ""not owner"");
        _owners[id] = 2**160; // cannot mint it again
        _numNFTPerAddress[from]--;
        emit Transfer(from, address(0), id);
    }"
ACF-019,Bancor Protocol,2020,DeFi Hack Labs,High,https://wooded-meter-1d8.notion.site/0e85e02c5ed34df3855ea9f3ca40f53b?v=22e5e2c506ef4caeb40b4f78e23517ee&p=70657eb574224c5e9ed76038e6c8b5a5&pm=s,Access Control,Missing Modifier,"The function safeTransferFrom lacks proper access control checks, allowing unauthorized callers.","Unauthorized callers may invoke safeTransferFrom(IERC20Token _token, address _from, address _to, uint256 _value) to perform privileged actions.",,TokenHandler,"safeTransferFrom(IERC20Token _token, address _from, address _to, uint256 _value)",551,553,"    function safeTransferFrom(IERC20Token _token, address _from, address _to, uint256 _value) public {
       execute(_token, abi.encodeWithSelector(TRANSFER_FROM_FUNC_SELECTOR, _from, _to, _value));
    }"
ACF-020,LPC,2022,DeFi Hack Labs,High,https://wooded-meter-1d8.notion.site/0e85e02c5ed34df3855ea9f3ca40f53b?v=22e5e2c506ef4caeb40b4f78e23517ee&p=fffab6d16c9b4cd585dc1270ee924c91&pm=s,Access Control,Missing Modifier,"Root cause: Incorrect recipient balance check, did not check sender!=recipient in transfer. Increase directly on the recipientAmount to recipient, deduct sender balance incorrectly.","Potential unauthorized invocation of _transfer(address sender,     address recipient,     uint256 amount).",,LPC,"_transfer(address sender,     address recipient,     uint256 amount)",1148,1244,"    function _transfer(
        address sender,
        address recipient,
        uint256 amount
    ) internal {
        require(sender != address(0), ""ERC20: transfer from the zero address"");
        //require(recipient != address(0), ""ERC20: transfer to the zero address"");
        require(!isBlackListed[sender] && !isBlackListed[recipient],""sender or recipient is blacklisted"");

        _beforeTokenTransfer(sender, recipient, amount);

        uint totalHolders_ = totalHolders;
        (bool vs,uint senderBalance) = _updateBalance(sender);
        (bool vr,uint recipientBalance) = _updateBalance(recipient);
        if(vs && senderBalance == amount){
            totalHolders_ = totalHolders_ - 1;
        }
        if(vr && recipientBalance == 0){
            totalHolders_ = totalHolders_ + 1;
        }

        require(senderBalance >= amount, ""ERC20: transfer amount exceeds balance"");

        uint recipientAmount = amount;
        if(sender != address(0) && recipient != address(0) && !isWhiteList[sender] && !isWhiteList[recipient]){
            FeeAmounts memory feeAmounts = _calcTransferFees(amount);
            if(feeAmounts.feeAmount > 0){
                recipientAmount = recipientAmount - feeAmounts.feeAmount;

                address feeTo_ = feeTo;
                (,uint feeToCapital) = _updateBalance(feeTo_);
                if(feeToCapital == 0){
                    totalHolders_ += 1;
                }
                _balances[feeTo_] = feeToCapital.add(feeAmounts.feeAmount);
                emit Transfer(sender, feeTo_, feeAmounts.feeAmount);
            }

            if(feeAmounts.parentAmount + feeAmounts.grandpaAmount > 0){
                address parent = rlink.parentOf(recipient);
                if(parent != address(0)){
                    if(feeAmounts.parentAmount > 0){
                        recipientAmount = recipientAmount - feeAmounts.parentAmount;
                        (bool v,uint pb) = _updateBalance(parent);
                        if(v && pb == 0){
                            totalHolders_ += 1;
                        }
                        _balances[parent] = pb.add(feeAmounts.parentAmount);
                        emit Transfer(sender, parent, feeAmounts.parentAmount);
                        emit ParentsRewardsPaid(recipient,parent,feeAmounts.parentAmount,true);
                    }

                    if(feeAmounts.grandpaAmount > 0){
                        address grandpa = rlink.parentOf(parent);
                        if(grandpa != address(0)){
                            recipientAmount = recipientAmount - feeAmounts.grandpaAmount;
                            (bool v,uint gb) = _updateBalance(grandpa);
                            if(v && gb==0){
                                totalHolders_ += 1;
                            }
                            _balances[grandpa] = gb.add(feeAmounts.grandpaAmount);
                            emit Transfer(sender, grandpa, feeAmounts.grandpaAmount);
                            emit ParentsRewardsPaid(recipient,grandpa,feeAmounts.grandpaAmount,false);
                        }else{
                            feeAmounts.burnAmount = feeAmounts.burnAmount + feeAmounts.grandpaAmount;
                        }
                    }

                }else{
                    feeAmounts.burnAmount = feeAmounts.burnAmount + feeAmounts.parentAmount + feeAmounts.grandpaAmount;
                }
            }

            if(feeAmounts.holdersAmount > 0){
                if(totalHolders_ > 0){
                    recipientAmount = recipientAmount - feeAmounts.holdersAmount;
                    rewardPerHolderStored = rewardPerHolderStored + feeAmounts.holdersAmount / totalHolders_;

                    emit DividendsPaid(feeAmounts.holdersAmount,totalHolders_);
                }
            }

            if(feeAmounts.burnAmount > 0){
                recipientAmount = recipientAmount - feeAmounts.burnAmount;
                _balances[_blackHole] = _balances[_blackHole] + feeAmounts.burnAmount;
                emit Transfer(sender, _blackHole, feeAmounts.burnAmount);
            }
        }

        totalHolders = totalHolders_;

        _balances[sender] = senderBalance.sub(amount);
        _balances[recipient] = recipientBalance.add(recipientAmount);
        emit Transfer(sender, recipient, recipientAmount);

        _afterTokenTransfer(sender, recipient, amount);
    }"
ACF-021,88mph,2021,DeFi Hack Labs,High,https://wooded-meter-1d8.notion.site/0e85e02c5ed34df3855ea9f3ca40f53b?v=22e5e2c506ef4caeb40b4f78e23517ee&p=83b39ee94ab54356a4d37463a856266a&pm=s,Access Control,Missing Modifier,Contract init function without modifier check and there was also no initializer modifier to prevent a re-initialization. Anyone could have taken ownership of the NFT contract.,"Potential unauthorized invocation of init(address newOwner,     string calldata tokenName,     string calldata tokenSymbol).",,NFT,"init(address newOwner,     string calldata tokenName,     string calldata tokenSymbol)",39,57,"    function init(
        address newOwner,
        string calldata tokenName,
        string calldata tokenSymbol
    ) external {
        _transferOwnership(newOwner);
        _tokenName = tokenName;
        _tokenSymbol = tokenSymbol;

        // register the supported interfaces to conform to ERC721 via ERC165
        _registerInterface(_INTERFACE_ID_ERC721_METADATA);

        // Derived contracts need only register support for their own interfaces,
        // we register support for ERC165 itself here
        _registerInterface(_INTERFACE_ID_ERC165);

        // register the supported interfaces to conform to ERC721 via ERC165
        _registerInterface(_INTERFACE_ID_ERC721);
    }"
ACF-022,MapleLoan,2021,Code4rena,High,https://github.com/code-423n4/2021-12-maple-findings/issues/56,Access Control,Missing Modifier,"The current implementation allows anyone to call makePayment() and repay the loan with _drawableFunds. This makes it possible for a malicious lender to call makePayment() multiple times right after fundLoan() and retrieve most of the funds back immediately, while then borrower must continue to make payments or lose the collateral.",Potential unauthorized invocation of makePayment(uint256 amount_).,,MapleLoan,makePayment(uint256 amount_),86,93,"    function makePayment(uint256 amount_) external override returns (uint256 principal_, uint256 interest_) {
        // The amount specified is an optional amount to be transfer from the caller, as a convenience for EOAs.
        require(amount_ == uint256(0) || ERC20Helper.transferFrom(_fundsAsset, msg.sender, address(this), amount_), ""ML:MP:TRANSFER_FROM_FAILED"");

        ( principal_, interest_ ) = _makePayment();

        emit PaymentMade(principal_, interest_);
    }"
ACF-023,LenderPool,2022,Code4rena,High,https://github.com/code-423n4/2022-03-sublime-findings/issues/59,Access Control,Missing Modifier,"withdrawInterest() at a certain time may not be in the best interest of the specific lender. It's unconventional and can potentially cause leak of value for the lender. For example, the lender may still want to accrued more interest from the strategy.","Potential unauthorized invocation of withdrawInterest(uint256 _id, address _lender).",,LenderPool,"withdrawInterest(uint256 _id, address _lender)",1,3,"function withdrawInterest(uint256 _id, address _lender) external nonReentrant {
    _withdrawInterest(_id, _lender);
}"
ACF-024,VaderPoolV2,2021,Code4rena,High,https://github.com/code-423n4/2021-11-vader-findings/issues/204,Access Control,Missing Modifier,"Funds are transferred from the from parameter, and the output tokens are transferred to the to parameter, both passed by the caller without proper access control. This issue allows anyone to call mintFungible() and mintSynth() and steal almost all their wallet balances for all the users who have approved the contract before.","Potential unauthorized invocation of mintFungible(IERC20 foreignAsset,     uint256 nativeDeposit,     uint256 foreignDeposit,     address from,     address to).",,VaderPoolV2,"mintFungible(IERC20 foreignAsset,     uint256 nativeDeposit,     uint256 foreignDeposit,     address from,     address to)",284,335,"    function mintFungible(
        IERC20 foreignAsset,
        uint256 nativeDeposit,
        uint256 foreignDeposit,
        address from,
        address to
    ) external override nonReentrant returns (uint256 liquidity) {
        IERC20Extended lp = wrapper.tokens(foreignAsset);

        require(
            lp != IERC20Extended(_ZERO_ADDRESS),
            ""VaderPoolV2::mintFungible: Unsupported Token""
        );

        (uint112 reserveNative, uint112 reserveForeign, ) = getReserves(
            foreignAsset
        ); // gas savings

        nativeAsset.safeTransferFrom(from, address(this), nativeDeposit);
        foreignAsset.safeTransferFrom(from, address(this), foreignDeposit);

        PairInfo storage pair = pairInfo[foreignAsset];
        uint256 totalLiquidityUnits = pair.totalSupply;
        if (totalLiquidityUnits == 0) liquidity = nativeDeposit;
        else
            liquidity = VaderMath.calculateLiquidityUnits(
                nativeDeposit,
                reserveNative,
                foreignDeposit,
                reserveForeign,
                totalLiquidityUnits
            );

        require(
            liquidity > 0,
            ""VaderPoolV2::mintFungible: Insufficient Liquidity Provided""
        );

        pair.totalSupply = totalLiquidityUnits + liquidity;

        _update(
            foreignAsset,
            reserveNative + nativeDeposit,
            reserveForeign + foreignDeposit,
            reserveNative,
            reserveForeign
        );

        lp.mint(to, liquidity);

        emit Mint(from, to, nativeDeposit, foreignDeposit);
    }"
ACF-025,Dao,2021,Code4rena,High,https://github.com/code-423n4/2021-07-spartan-findings/issues/235,Access Control,Missing Modifier,"The claimAllForMember function of Dao is permissionless, allowing anyone to claim the unlocked bonded LP tokens for any member. However, claiming a member's LP tokens could decrease the member's weight in the BondVault, thus affecting the member's votes and rewards in the Dao contract. For example, an attacker can intentionally front-run a victim's voteProposal call to decrease the victim's vote weight to prevent the proposal from being finalized: Supposing the victim's member weight in the BondVault is 201, the total weight is 300. The victim has some LP tokens claimable from the vault, and if claimed, the victim's weight will be decreased to 101. To simplify the situation, assuming that the victim's weight in the DaoVault and the total weight of the DaoVault are both 0. The victim wants to vote on the current proposal, which requires the majority consensus. If the victim calls voteProposal, the proposal will be finalized since the victim has the majority weight (201/300 > 66.6%). An attacker does not want the proposal to be finalized, so he calls claimAllForMember with the victim as the parameter to intentionally decrease the victim's weight. As a result, the victim's weight is decreased to 101, and the total weight is decreased to 200. The victim cannot finalize the proposal since he has no majority anymore (101/200 < 66.6%). Similarly, an attacker can front-run a victim's harvest call to intentionally decrease the victim's reward since the amount of reward is calculated based on the victim's current weight. Consider removing the member parameter in the claimAllForMember function and replace all member to msg.sender to allow only the user himself to claim unlocked bonded LP tokens.",Potential unauthorized invocation of claimAllForMember(address member).,,Dao,claimAllForMember(address member),276,285,"    function claimAllForMember(address member) external returns (bool){
        address [] memory listedAssets = listedBondAssets; // Get array of bond assets
        for(uint i = 0; i < listedAssets.length; i++){
            uint claimA = calcClaimBondedLP(member, listedAssets[i]); // Check user's unlocked Bonded LPs for each asset
            if(claimA > 0){
               _BONDVAULT.claimForMember(listedAssets[i], member); // Claim LPs if any unlocked
            }
        }
        return true;
    }"
ACF-026,MStableYieldSource,2021,Code4rena,High,https://github.com/code-423n4/2021-07-pooltogether-findings/issues/46,Access Control,Missing Modifier,Overly permissive access control to lets anyone approve max amount. This may be ok but is inconsistent with SwappableYieldSource.sol where the similar function is onlyOwner.,Potential unauthorized invocation of approveMax().,,MStableYieldSource,approveMax(),61,65,"    function approveMax() public {
        IERC20(savings.underlying()).safeApprove(address(savings), type(uint256).max);

        emit ApprovedMax(msg.sender);
    }"
ACF-027,FlashGovernanceArbiter,2022,Code4rena,High,https://github.com/code-423n4/2022-01-behodler-findings/issues/300,Access Control,Missing Modifier,Lack of access control on the assertGovernanceApproved function of FlashGovernanceArbiter allows anyone to lock other users' funds in the contract as long as the users have approved the contract to transfer flashGovernanceConfig.amount of flashGovernanceConfig.asset from them. Recommended Mitigation Steps Only allow certain addresses to call the assertGovernanceApproved function on FlashGovernanceArbiter.,"Potential unauthorized invocation of assertGovernanceApproved(address sender,   address target,   bool emergency).",,FlashGovernanceArbiter,"assertGovernanceApproved(address sender,   address target,   bool emergency)",60,81,"  function assertGovernanceApproved(
    address sender,
    address target,
    bool emergency
  ) public {
    if (
      IERC20(flashGovernanceConfig.asset).transferFrom(sender, address(this), flashGovernanceConfig.amount) &&
      pendingFlashDecision[target][sender].unlockTime < block.timestamp
    ) {
      require(
        emergency || (block.timestamp - security.lastFlashGovernanceAct > security.epochSize),
        ""Limbo: flash governance disabled for rest of epoch""
      );
      pendingFlashDecision[target][sender] = flashGovernanceConfig;
      pendingFlashDecision[target][sender].unlockTime += block.timestamp;

      security.lastFlashGovernanceAct = block.timestamp;
      emit flashDecision(sender, flashGovernanceConfig.asset, flashGovernanceConfig.amount, target);
    } else {
      revert(""LIMBO: governance decision rejected."");
    }
  }"
ACF-028,CVE-2021-34272,2021,CVE,High,https://nvd.nist.gov/vuln/detail/CVE-2021-34272,Access Control,Missing Modifier,"A security flaw in the 'owned' function of a smart contract implementation for RobotCoin (RBTC), a tradeable Ethereum ERC20 token, allows attackers to hijack victim accounts and arbitrarily increase the digital supply of assets.",Potential unauthorized invocation of owned().,,Owned,owned(),10,12,"    function owned() public {
        owner = msg.sender;
    }"
ACF-029,CVE-2018-19830,2018,CVE,High,https://nvd.nist.gov/vuln/detail/CVE-2018-19830,Access Control,Missing Modifier,"The UBSexToken() function of a smart contract implementation for Business Alliance Financial Circle (BAFC), an tradable Ethereum ERC20 token, allows attackers to change the owner of the contract, because the function is public (by default) and does \xmarkt check the caller's identity.",Potential unauthorized invocation of UBSexToken().,,BAFCToken,UBSexToken(),13,14,"function UBSexToken () public { owner = msg.sender; totalSupply = 1.9 * 10 ** 26;
}"
ACF-030,CVE-2019-15078,2019,CVE,High,https://nvd.nist.gov/vuln/detail/CVE-2019-15078,Access Control,Missing Modifier,"An issue was discovered in a smart contract implementation for AIRDROPX BORN through 2019-05-29, an Ethereum token. The name of the constructor has a typo (wrong case: XBornID versus XBORNID) that allows an attacker to change the owner of the contract and obtain cryptocurrency for free.",Potential unauthorized invocation of XBornID().,,XBORNID,XBornID(),118,121,"    function XBornID() public {
        owner = msg.sender;
        balances[owner] = totalDistributed;
    }"
ACF-031,CVE-2018-19834,2018,CVE,High,https://nvd.nist.gov/vuln/detail/CVE-2018-19834,Access Control,Missing Modifier,"The quaker function of a smart contract implementation for BOMBBA (BOMB), an tradable Ethereum ERC20 token, allows attackers to change the owner of the contract, because the function does \xmarkt check the caller's identity.",Potential unauthorized invocation of quaker(address wallet).,,BOMBBA,quaker(address wallet),122,127,"    function quaker(address wallet) public {
        owner = msg.sender;
        ownerWallet=wallet;
        totalSupply = INITIAL_SUPPLY * 10 ** 18;
        tokenBalances[wallet] = INITIAL_SUPPLY * 10 ** 18;   //Since we divided the token into 10^18 parts
    }"
ACF-032,Ragnarok,2022,Medium,High,https://medium.com/quillhash/decoding-ragnarok-online-invasion-44k-exploit-quillaudits-261b7e23b55,Access Control,Missing Modifier,"The cause of this attack was a simple access control issue, which allowed anyone to transfer ownership of the contract. The transferOwnership function has no access controls like OnlyOwner modifier or onlyAdmin to prevent malicious users from calling the function.",Potential unauthorized invocation of transferOwnership(address newOwner).,,Ragnarok,transferOwnership(address newOwner),1,5,"function transferOwnership(address newOwner) public virtual {
        require(newOwner != address(0), ""Ownable: new owner is the zero address"");
        emit OwnershipTransferred(_owner, newOwner);
        _owner = newOwner;
    }"
ACF-033,Melotoken,2023,Medium,High,N.A.,Access Control,Missing Modifier,It seems there is a public mint bug,"Potential unauthorized invocation of mint(address account,   uint256 amount,   string memory txId).",,Melotoken,"mint(address account,   uint256 amount,   string memory txId)",1,10,"function mint(

    address account,
    uint256 amount,
    string memory txId
) public returns (bool) {
    _mint(account, amount);
    emit Minted(account, amount, txId);
    return true;
}"
ACF-034,DEItoken,2023,Medium,High,N.A.,Access Control,Missing Modifier,it appears to be a pubic burn vulnerability with loss > $1.3M alone at BSC. The ARB/ETH deployments are also affected.,"Potential unauthorized invocation of burnFrom(address account, uint256 amount).",,DEItoken,"burnFrom(address account, uint256 amount)",1,5,"function burnFrom(address account, uint256 amount) public virtual{
    uint256 currentAllowance =  _allowances[ msgSender()][account];
    _approve(account,msgSender(), currentAllowance - amount);
    _burn(account,amount);
}"
ACF-035,Initialized,2022,TTWeb,High,https://github.com/sherlock-audit/2022-09-knox-judging/blob/main//closed/052.md,Access Control,Unprotected Initialization,"initialize() should only be called by the deployer since it sets the vital state variables. However, it is a public function which can be called by anyone. Anyone can frontrun the contract deployer and call the initialize()","Potential unauthorized invocation of initialize(address _LINK,   address _owner,   uint256 _capacity,   uint256 _startingSharesPerLink).",,Initialized,"initialize(address _LINK,   address _owner,   uint256 _capacity,   uint256 _startingSharesPerLink)",1,12,"function initialize(
    address _LINK,
    address _owner,
    uint256 _capacity,
    uint256 _startingSharesPerLink
) public initializer {          //@audit-issue front-runnable initialize. No access control.
    LINK = _LINK;
    decimals = IERC20Metadata(_LINK).decimals();
    owner = _owner;
    MAX_CAPACITY = _capacity;
    STARTING_SHARES_PER_LINK = _startingSharesPerLink;
}"
ACF-036,StakeAllocator,2022,TTWeb,High,https://consensys.net//diligence/audits/2022/11/forta-delegated-staking/,Access Control,Missing Modifier,"Due to this, the StakeAllocator.didTransferShares() has an external visibility so it can be called from the FortaStaking contract to perform transfers. However, there is no access control modifier to allow only the staking contract to call this. Therefore, anyone can call this function with whatever parameters they want.","Potential unauthorized invocation of didTransferShares(uint256 sharesId, uint8 subjectType, address from, address to, uint256 sharesAmount).",,StakeAllocator,"didTransferShares(uint256 sharesId, uint8 subjectType, address from, address to, uint256 sharesAmount)",345,353,"function didTransferShares(
        uint256 sharesId,
        uint8 subjectType,
        address from,
        address to,
        uint256 sharesAmount
    ) external {
        rewardsDistributor.didTransferShares(sharesId, subjectType, from, to, sharesAmount);
    }"
ACF-037,DepositLog,2020,TTWeb,High,https://consensys.net//diligence/audits/2020/02/thesis-tbtc-and-keep/,Access Control,Missing Modifier,"Access control for DepositLog is not implemented. DepositLog is inherited by TBTCSystem and its functionality is usually consumed by Deposit contracts to emit log events on TBTCSystem. Due to the missing access control, anyone can emit log events on TBTCSystem. Users, client-software or other components that rely on these events might be tricked into performing actions that were not authorized by the system.",Potential unauthorized invocation of approvedToLog(address _caller) public pure returns (bool).,,DepositLog,approvedToLog(address _caller) public pure returns (bool),107,111,"function approvedToLog(address _caller) public pure returns (bool) {
        /* TODO: auth via system */
        _caller;
        return true;
    }"
ACF-038,BaseEscalationManager,2023,TTWeb,High,https://blog.openzeppelin.com/uma-optimistic-asserter-audit/,Access Control,Missing Modifier,"In the BaseEscalationManager contract, the following public functions may benefit from access control. Currently anyone can call these functions, which can result in them executing state-changing logic in an unintended context. Consider implementing appropriate access control on these functions so that only the expected instance(s) of the OptimisticAsserter contract can call them.","Potential unauthorized invocation of requestPrice(bytes32 identifier, uint256 time, bytes memory ancillaryData).",,BaseEscalationManager,"requestPrice(bytes32 identifier, uint256 time, bytes memory ancillaryData)",61,67,"function requestPrice(
        bytes32 identifier,
        uint256 time,
        bytes memory ancillaryData
    ) public virtual override {
        emit PriceRequestAdded(identifier, time, ancillaryData);
    }"
ACF-039,Registry,2022,TTWeb,High,https://github.com/sherlock-audit/2022-08-sentiment-judging/blob/main//info/248-h.md,Access Control,Unprotected Initialization,"Registry.init() is missing an access control which allows anyone to call the init() function and become the owner of the contract. This also allows for potential frontrunning of the function allowing an attacker to frontrun the transaction to initialize the contract and become the owner.Registry.init() initializes the contract and sets the caller to become the owner of the contract allowing the caller to perform any admin privilege activity. Since there is no access control check, anyone can call the function and become the owner if has not been initialized from on set. Additionally, if an authorized address calls the init() function, due to not having access control, any user monitoring the blockchain network will replay the call and frontrun their transaction to be the one added to the block successfully and be the owner of the Registry contract.",Potential unauthorized invocation of init().,,Registry,init(),61,65,"function init() external {
        if (initialized) revert Errors.ContractAlreadyInitialized();
        initialized = true;
        initOwnable(msg.sender);
    }"
ACF-040,Factory,2022,TTWeb,High,https://github.com/sherlock-audit/2022-10-nftport-judging/blob/main//low-info/007.md,Access Control,Missing Modifier,Lack of access control modifier on the upgrade() function in the Factory.sol,Potential unauthorized invocation of upgrade().,,Factory,upgrade(),114,121,"function upgrade() external {
        require(version < CODE_VERSION, ""Already upgraded"");

        /* Start migration code */
        /* End migration code */

        version = CODE_VERSION;
    }"
ACF-041,DnGmxBatchingManager,2022,TTWeb,High,https://github.com/sherlock-audit/2022-10-rage-trade-judging/blob/main//001-M/024.md,Access Control,Missing Modifier,executeBatchDeposit() is callable by anyone which _unpause() deposits. 15 minutes cool down set by the protocol can be bypassed due to this.,Potential unauthorized invocation of executeBatchDeposit().,,DnGmxBatchingManager,executeBatchDeposit(),240,253,"function executeBatchDeposit() external {
        // If the deposit is paused then unpause on execute batch deposit
        if (paused()) _unpause();

        // Transfer vault glp directly, Needs to be called only for dnGmxJuniorVault
        if (dnGmxJuniorVaultGlpBalance > 0) {
            uint256 glpToTransfer = dnGmxJuniorVaultGlpBalance;
            dnGmxJuniorVaultGlpBalance = 0;
            sGlp.transfer(address(dnGmxJuniorVault), glpToTransfer);
            emit VaultDeposit(glpToTransfer);
        }

        _executeVaultUserBatchDeposit();
    }"
ACF-042,DnGmxJuniorVault,2022,TTWeb,High,https://github.com/sherlock-audit/2022-10-rage-trade-judging/blob/main//low-info/011.md,Access Control,Missing Modifier,Anyone (any external users) can mint any amount of vault shares - because of lack of access control modifier on mint() function,"Potential unauthorized invocation of mint(uint256 shares, address to) public virtual override(IERC4626, ERC4626Upgradeable) whenNotPaused returns (uint256 amount).",,DnGmxJuniorVault,"mint(uint256 shares, address to) public virtual override(IERC4626, ERC4626Upgradeable) whenNotPaused returns (uint256 amount)",403,412,"function mint(uint256 shares, address to)
        public
        virtual
        override(IERC4626, ERC4626Upgradeable)
        whenNotPaused
        returns (uint256 amount)
    {
        _rebalanceBeforeShareAllocation();
        amount = super.mint(shares, to);
    }"
ACF-043,DnGmxSeniorVault,2022,TTWeb,High,https://github.com/sherlock-audit/2022-10-rage-trade-judging/blob/main//low-info/011.md,Access Control,Missing Modifier,Anyone (any external users) can mint any amount of vault shares - because of lack of access control modifier on mint() function,"Potential unauthorized invocation of mint(uint256 shares, address to) public virtual override(IERC4626, ERC4626Upgradeable) whenNotPaused returns (uint256 amount).",,DnGmxSeniorVault,"mint(uint256 shares, address to) public virtual override(IERC4626, ERC4626Upgradeable) whenNotPaused returns (uint256 amount)",228,238,"function mint(uint256 shares, address to)
        public
        virtual
        override(IERC4626, ERC4626Upgradeable)
        whenNotPaused
        returns (uint256 amount)
    {
        // harvesting fees so asset to shares conversion rate is not stale
        dnGmxJuniorVault.harvestFees();
        amount = super.mint(shares, to);
    }"
ACF-044,RollerPeriphery,2022,TTWeb,High,https://github.com/sherlock-audit/2022-11-sense-judging/blob/main//low-info/005.md,Access Control,Missing Modifier,Lack of access control modifier on mint() function in the RollerPeriphery.sol,"Potential unauthorized invocation of mint(ERC4626 vault, uint256 shares, address receiver, uint256 maxAmountIn) external returns (uint256 assets).",,RollerPeriphery,"mint(ERC4626 vault, uint256 shares, address receiver, uint256 maxAmountIn) external returns (uint256 assets)",59,65,"function mint(ERC4626 vault, uint256 shares, address receiver, uint256 maxAmountIn) external returns (uint256 assets) {
        ERC20(vault.asset()).safeTransferFrom(msg.sender, address(this), vault.previewMint(shares));

        if ((assets = vault.mint(shares, receiver)) > maxAmountIn) {
            revert MaxAssetError();
        }
    }"
ACF-045,MainVault,2022,TTWeb,High,https://github.com/sherlock-audit/2022-11-opyn-judging/blob/main//006-H/215.md,Access Control,Missing Modifier,There is no access control implemented in the withdraw function of MainVault.sol.,"Potential unauthorized invocation of withdraw(uint256 _amount, address _receiver, address _owner ) external nonReentrant onlyWhenVaultIsOn returns (uint256 value).",,MainVault,"withdraw(uint256 _amount, address _receiver, address _owner ) external nonReentrant onlyWhenVaultIsOn returns (uint256 value)",131,144,"function withdraw(
    uint256 _amount,
    address _receiver,
    address _owner
  ) external nonReentrant onlyWhenVaultIsOn returns (uint256 value) {
    value = (_amount * exchangeRate) / (10 ** decimals());

    require(value > 0, ""!value"");

    require(getVaultBalance() - reservedFunds >= value, ""!funds"");

    _burn(msg.sender, _amount);
    transferFunds(_receiver, value);
  }"
ACF-046,Controller,2023,TTWeb,High,https://github.com/sherlock-audit/2023-01-derby-judging/blob/main//false/292.md,Access Control,Missing Modifier,"claim() function is guarded with the onlyVault modifier, which restricts access to only those addresses that have been added to the vaultWhitelist mapping using the addVault() function. However, anyone who can call the addVault() function and add their address to the mapping, effectively grants themselves access to the claim() function. For example, let's say, an attacker deploys a contract that calls the addVault() function with their own address as the parameter. They can then call claim() function from their deployed contract and withdraw tokens from the contract's balance, even if they are not actually a trusted vault. This can result in a loss of funds for the contract owner.","Potential unauthorized invocation of claim(uint256 _vaultNumber, uint256 _protocolNumber ) external override onlyVault returns (bool).",,Controller,"claim(uint256 _vaultNumber, uint256 _protocolNumber ) external override onlyVault returns (bool)",57,70,"function claim(
    uint256 _vaultNumber,
    uint256 _protocolNumber
  ) external override onlyVault returns (bool) {
    if (claimable[protocolInfo[_vaultNumber][_protocolNumber].LPToken]) {
      return
        IProvider(protocolInfo[_vaultNumber][_protocolNumber].provider).claim(
          protocolInfo[_vaultNumber][_protocolNumber].LPToken,
          msg.sender
        );
    } else {
      return false;
    }
  }"
ACF-047,Game,2023,TTWeb,High,https://github.com/sherlock-audit/2023-01-derby-judging/blob/main//false/346.md,Access Control,Missing Modifier,In Game.sol function basketTotalAllocatedTokens() returns total allocation of basket . It should be only allowed to only owner of the basket but any one call get total allocation using other users basketId.,Potential unauthorized invocation of basketTotalAllocatedTokens(uint256 _basketId) public view returns (int256).,,Game,basketTotalAllocatedTokens(uint256 _basketId) public view returns (int256),191,193,"function basketTotalAllocatedTokens(uint256 _basketId) public view returns (int256) {
    return baskets[_basketId].nrOfAllocatedTokens;
  }"
ACF-048,Depositor,2022,TTWeb,High,https://github.com/sherlock-audit/2022-11-isomorph-judging/blob/main//002-H/109.md,Access Control,Missing Modifier,"Function withdrawFromGauge in Depositor contract transfers the pooledTokens associated to an NFTId. It does not have any kind of access control, so any user can pass any NFTId to the function and steal the collateral deposited by another user.When a user deposits through his Depositor contract by calling depositToGauge, it transfers to the gauge the amount to be deposited and calls the corresponding DepositorReceipt to mint an NFT that represents the user deposit. This function has an onlyOwner() modifier meaning it can be only called by the owner of the contract. But when the user wants to withdraw from the gauge by calling withdrawFromGauge (directly or through calls to partialWithdrawFromGauge or multiWithdrawFromGauge) https://github.com/sherlock-audit/2022-11-isomorph/blob/main/contracts/Velo-Deposit-Tokens/contracts/Depositor.sol#L119-L127 there is no owner check, meaning any user can call the function, burn the NFT and receive the amount deposited corresponding to the receipt. The only requirement is that the depositor must be approved by the user as a spender of the NFT receipts (which could be backrun by a malicious user).","Potential unauthorized invocation of withdrawFromGauge(uint256 _NFTId, address[] memory _tokens).",,Depositor,"withdrawFromGauge(uint256 _NFTId, address[] memory _tokens)",119,127,"function withdrawFromGauge(uint256 _NFTId, address[] memory _tokens)  public  {
        uint256 amount = depositReceipt.pooledTokens(_NFTId);
        depositReceipt.burn(_NFTId);
        gauge.getReward(address(this), _tokens);
        gauge.withdraw(amount);
        //AMMToken adheres to ERC20 spec meaning it reverts on failure, no need to check return
        //slither-disable-next-line unchecked-transfer
        AMMToken.transfer(msg.sender, amount);
    }"
ACF-049,Cooler,2023,TTWeb,High,https://github.com/sherlock-audit/2023-01-cooler-judging/blob/main//005-H/112.md,Access Control,Missing Modifier,Roll function has no access control and can be called by anyone,Potential unauthorized invocation of roll(uint256 loanID).,,Cooler,roll(uint256 loanID),129,147,"function roll (uint256 loanID) external {
        Loan storage loan = loans[loanID];
        Request memory req = loan.request;

        if (block.timestamp > loan.expiry)
            revert Default();

        if (!loan.rollable)
            revert NotRollable();

        uint256 newCollateral = collateralFor(loan.amount, req.loanToCollateral) - loan.collateral;
        uint256 newDebt = interestFor(loan.amount, req.interest, req.duration);

        loan.amount += newDebt;
        loan.expiry += req.duration;
        loan.collateral += newCollateral;

        collateral.transferFrom(msg.sender, address(this), newCollateral);
    }"
ACF-050,OpenQV1,2023,TTWeb,High,https://github.com/sherlock-audit/2023-02-openq-judging/blob/main//false/410.md,Access Control,Unprotected Initialization,There is no Access control in initialize() method. So anyone can frontrun the transaction and call that on deployer's behalf to gain access.,Potential unauthorized invocation of initialize().,,OpenQV1,initialize(),14,18,"function initialize() external initializer onlyProxy {
        __Ownable_init();
        __UUPSUpgradeable_init();
        __ReentrancyGuard_init();
    }"
ACF-051,GoldfinchAdapter,2023,TTWeb,High,https://github.com/sherlock-audit/2023-02-carapace-judging/blob/main//false/222.md,Access Control,Unprotected Initialization,"all initialize function miss modifiers and access control check , meaning that any one how call or the first one get Ownership of that contract",Potential unauthorized invocation of initialize(address _owner).,,GoldfinchAdapter,initialize(address _owner),55,59,"function initialize(address _owner) external initializer {
    __UUPSUpgradeableBase_init();
    _transferOwnership(_owner);
    goldfinchConfig = IGoldfinchConfig(GOLDFINCH_CONFIG_ADDRESS);
  }"
ACF-052,Product,2023,TTWeb,High,https://github.com/sherlock-audit/2023-05-perennial-judging/blob/main//invalid/171.md,Access Control,Missing Modifier,"Lack of access control modifier on the Product#closeTakeFor() and the Product#closeMakeFor(), which allow a malicious user to be freely able to close any existing user's Maker/Taker position.","Potential unauthorized invocation of closeTakeFor(address account, UFixed18 amount) public nonReentrant notPaused onlyAccountOrMultiInvoker(account) settleForAccount(account) closeInvariant(account) liquidationInvariant(account).",,Product,"closeTakeFor(address account, UFixed18 amount) public nonReentrant notPaused onlyAccountOrMultiInvoker(account) settleForAccount(account) closeInvariant(account) liquidationInvariant(account)",246,256,"function closeTakeFor(address account, UFixed18 amount)
        public
        nonReentrant
        notPaused
        onlyAccountOrMultiInvoker(account)
        settleForAccount(account)
        closeInvariant(account)
        liquidationInvariant(account)
    {
        _closeTake(account, amount);
    }"
ACF-053,Product2,2023,TTWeb,High,https://github.com/sherlock-audit/2023-05-perennial-judging/blob/main//invalid/171.md,Access Control,Missing Modifier,"Lack of access control modifier on the Product#closeTakeFor() and the Product#closeMakeFor(), which allow a malicious user to be freely able to close any existing user's Maker/Taker position.","Potential unauthorized invocation of closeMakeFor(address account, UFixed18 amount) public nonReentrant notPaused onlyAccountOrMultiInvoker(account) settleForAccount(account) takerInvariant closeInvariant(account) liquidationInvariant(account).",,Product,"closeMakeFor(address account, UFixed18 amount) public nonReentrant notPaused onlyAccountOrMultiInvoker(account) settleForAccount(account) takerInvariant closeInvariant(account) liquidationInvariant(account)",328,339,"function closeMakeFor(address account, UFixed18 amount)
        public
        nonReentrant
        notPaused
        onlyAccountOrMultiInvoker(account)
        settleForAccount(account)
        takerInvariant
        closeInvariant(account)
        liquidationInvariant(account)
    {
        _closeMake(account, amount);
    }"
ACF-054,ContractFactory,2023,TTWeb,High,https://github.com/sherlock-audit/2023-02-carapace-judging/blob/main//false/243.md,Access Control,Unprotected Initialization,There is no Access control in initialize() method. So anyone can frontrun the transaction and call that on deployer's behalf to gain access.,"Potential unauthorized invocation of initialize(IProtectionPoolCycleManager _protectionPoolCycleManager, IDefaultStateManager _defaultStateManager).",,ContractFactory,"initialize(IProtectionPoolCycleManager _protectionPoolCycleManager, IDefaultStateManager _defaultStateManager)",87,96,"function initialize(
    IProtectionPoolCycleManager _protectionPoolCycleManager,
    IDefaultStateManager _defaultStateManager
  ) external initializer {
    /// initialize the UUPSUpgradeableBase contract
    __UUPSUpgradeableBase_init();

    protectionPoolCycleManager = _protectionPoolCycleManager;
    defaultStateManager = _defaultStateManager;
  }"
ACF-055,DefaultStateManager,2023,TTWeb,High,https://github.com/sherlock-audit/2023-02-carapace-judging/blob/main//false/243.md,Access Control,Unprotected Initialization,There is no Access control in initialize() method. So anyone can frontrun the transaction and call that on deployer's behalf to gain access.,Potential unauthorized invocation of initialize().,,DefaultStateManager,initialize(),58,65,"function initialize() external initializer {
    __UUPSUpgradeableBase_init();

    /// create a dummy pool state to reserve index 0.
    /// this is to ensure that protectionPoolStateIndexes[pool] is always greater than 0,
    /// which is used to check if a pool is registered or not.
    protectionPoolStates.push();
  }"
ACF-056,PremiumCalculator,2023,TTWeb,High,https://github.com/sherlock-audit/2023-02-carapace-judging/blob/main//false/243.md,Access Control,Unprotected Initialization,There is no Access control in initialize() method. So anyone can frontrun the transaction and call that on deployer's behalf to gain access.,Potential unauthorized invocation of initialize().,,PremiumCalculator,initialize(),29,31,"function initialize() external initializer {
    __UUPSUpgradeableBase_init();
  }"
ACF-057,ProtectionPool,2023,TTWeb,High,https://github.com/sherlock-audit/2023-02-carapace-judging/blob/main//false/243.md,Access Control,Unprotected Initialization,There is no Access control in initialize() method. So anyone can frontrun the transaction and call that on deployer's behalf to gain access.,"Potential unauthorized invocation of initialize(address _owner, ProtectionPoolInfo calldata _poolInfo, IPremiumCalculator _premiumCalculator, IProtectionPoolCycleManager _poolCycleManager, IDefaultStateManager _defaultStateManager, string calldata _name, string calldata _symbol).",,ProtectionPool,"initialize(address _owner, ProtectionPoolInfo calldata _poolInfo, IPremiumCalculator _premiumCalculator, IProtectionPoolCycleManager _poolCycleManager, IDefaultStateManager _defaultStateManager, string calldata _name, string calldata _symbol)",125,157,"function initialize(
    address _owner,
    ProtectionPoolInfo calldata _poolInfo,
    IPremiumCalculator _premiumCalculator,
    IProtectionPoolCycleManager _poolCycleManager,
    IDefaultStateManager _defaultStateManager,
    string calldata _name,
    string calldata _symbol
  ) external override initializer {
    /// initialize parent contracts in same order as they are inherited to mimic the behavior of a constructor
    __UUPSUpgradeableBase_init();
    __ReentrancyGuard_init();
    __sToken_init(_name, _symbol);

    /// set the storage variables
    poolInfo = _poolInfo;
    premiumCalculator = _premiumCalculator;
    poolCycleManager = _poolCycleManager;
    defaultStateManager = _defaultStateManager;

    emit ProtectionPoolInitialized(
      _name,
      _symbol,
      poolInfo.underlyingToken,
      poolInfo.referenceLendingPools
    );

    /// Transfer the ownership of this pool to the specified owner
    _transferOwnership(_owner);

    /// Add dummy protection info to make index 0 invalid
    protectionInfos.push();
  }"
ACF-058,ReferenceLendingPools,2023,TTWeb,High,https://github.com/sherlock-audit/2023-02-blueberry-judging/blob/main//false/268.md,Access Control,Unprotected Initialization,There is no Access control in initialize() method. So anyone can frontrun the transaction and call that on deployer's behalf to gain access.,"Potential unauthorized invocation of initialize(address _owner, address[] calldata _lendingPools, LendingProtocol[] calldata _lendingPoolProtocols, uint256[] calldata _protectionPurchaseLimitsInDays, address _lendingProtocolAdapterFactory).",,ReferenceLendingPools,"initialize(address _owner, address[] calldata _lendingPools, LendingProtocol[] calldata _lendingPoolProtocols, uint256[] calldata _protectionPurchaseLimitsInDays, address _lendingProtocolAdapterFactory)",53,98,"function initialize(
    address _owner,
    address[] calldata _lendingPools,
    LendingProtocol[] calldata _lendingPoolProtocols,
    uint256[] calldata _protectionPurchaseLimitsInDays,
    address _lendingProtocolAdapterFactory
  ) external override initializer {
    if (
      _lendingPools.length != _lendingPoolProtocols.length ||
      _lendingPools.length != _protectionPurchaseLimitsInDays.length
    ) {
      revert ReferenceLendingPoolsConstructionError(
        ""Array inputs length must match""
      );
    }

    if (_owner == Constants.ZERO_ADDRESS) {
      revert ReferenceLendingPoolsConstructionError(
        ""Owner address must not be zero""
      );
    }

    /// Initialize the UUPSUpgradeableBase
    __UUPSUpgradeableBase_init();

    lendingProtocolAdapterFactory = ILendingProtocolAdapterFactory(
      _lendingProtocolAdapterFactory
    );

    /// Transfer ownership of this contract to the specified owner address
    _transferOwnership(_owner);

    /// Add the specified lending pools to the basket
    uint256 length = _lendingPools.length;
    for (uint256 i; i < length; ) {
      _addReferenceLendingPool(
        _lendingPools[i],
        _lendingPoolProtocols[i],
        _protectionPurchaseLimitsInDays[i]
      );

      unchecked {
        ++i;
      }
    }
  }"
ACF-059,RoundImplementation,2023,TTWeb,High,https://github.com/sherlock-audit/2023-03-Gitcoin-judging/blob/main//003-M/071.md,Access Control,Missing Modifier,"In the function RoundImplementation::applyToRound(), there is no check on the caller's identity, which means anyone can call it. If a malicious user repeatedly calls this function, it can add a large amount of junk data to the protocol and disrupt it.","Potential unauthorized invocation of applyToRound(bytes32 projectID, MetaPtr calldata newApplicationMetaPtr).",,RoundImplementation,"applyToRound(bytes32 projectID, MetaPtr calldata newApplicationMetaPtr)",371,382,"function applyToRound(bytes32 projectID, MetaPtr calldata newApplicationMetaPtr) external {
    // slither-disable-next-line timestamp
    require(
      applicationsStartTime <= block.timestamp  &&
      block.timestamp <= applicationsEndTime,
      ""Round: Applications period not started or over""
    );
    applications.push(Application(projectID, nextApplicationIndex, newApplicationMetaPtr));
    applicationsIndexesByProjectID[projectID].push(nextApplicationIndex);
    emit NewProjectApplication(projectID, nextApplicationIndex, newApplicationMetaPtr);
    nextApplicationIndex++;
  }"
ACF-060,L1Block,2023,TTWeb,High,https://github.com/sherlock-audit/2023-03-optimism-judging/blob/main//invalid/076.md,Access Control,Missing Modifier,"setL1BlockValues() function can be called by anyone who has access to the contract address. It should be restricted to only the designated DEPOSITOR_ACCOUNT. require statement in setL1BlockValues() function is a good start, but it should also be placed in the constructor to ensure that DEPOSITOR_ACCOUNT address is properly set and cannot be changed","Potential unauthorized invocation of setL1BlockValues(uint64 _number, uint64 _timestamp, uint256 _basefee, bytes32 _hash, uint64 _sequenceNumber, bytes32 _batcherHash, uint256 _l1FeeOverhead, uint256 _l1FeeScalar).",,L1Block,"setL1BlockValues(uint64 _number, uint64 _timestamp, uint256 _basefee, bytes32 _hash, uint64 _sequenceNumber, bytes32 _batcherHash, uint256 _l1FeeOverhead, uint256 _l1FeeScalar)",79,102,"function setL1BlockValues(
        uint64 _number,
        uint64 _timestamp,
        uint256 _basefee,
        bytes32 _hash,
        uint64 _sequenceNumber,
        bytes32 _batcherHash,
        uint256 _l1FeeOverhead,
        uint256 _l1FeeScalar
    ) external {
        require(
            msg.sender == DEPOSITOR_ACCOUNT,
            ""L1Block: only the depositor account can set L1 block values""
        );

        number = _number;
        timestamp = _timestamp;
        basefee = _basefee;
        hash = _hash;
        sequenceNumber = _sequenceNumber;
        batcherHash = _batcherHash;
        l1FeeOverhead = _l1FeeOverhead;
        l1FeeScalar = _l1FeeScalar;
    }"
ACF-061,CollateralManager2,2023,TTWeb,High,https://github.com/sherlock-audit/2023-03-teller-judging/blob/main//003-M/136.md,Access Control,Missing Modifier,"withdraw() has no access control, so a malicious user can use it to front-run repayLoanFull(), repay(), and liquidateLoanFull().",Potential unauthorized invocation of withdraw(uint256 _bidId).,,CollateralManager,withdraw(uint256 _bidId),250,260,"function withdraw(uint256 _bidId) external {
        BidState bidState = tellerV2.getBidState(_bidId);
        if (bidState == BidState.PAID) {
            _withdraw(_bidId, tellerV2.getLoanBorrower(_bidId));
        } else if (tellerV2.isLoanDefaulted(_bidId)) {
            _withdraw(_bidId, tellerV2.getLoanLender(_bidId));
            emit CollateralClaimed(_bidId);
        } else {
            revert(""collateral cannot be withdrawn"");
        }
    }"
ACF-062,CollateralManager3,2023,TTWeb,High,https://github.com/sherlock-audit/2023-03-teller-judging/blob/main//007-H/099.md,Access Control,Missing Modifier,"The setCollateralEscrowBeacon() function in CollateralManager does not have any access control checks. This allows for an attacker to set the beacon address to a malicious contract that can steal the collateral of a loan. When the CollateralManager contract is initialized, it is passed a beacon address that is used to create a new escrow contract for each collateral-backed loan. The escrow contract is used to hold the collateral. When a new loan with collateral is created, the CollateralManager contract creates a new escrow contract using the beacon address. The setCollateralEscrowBeacon() reinitializer allows the escrow implementation to be changed. However, this function does not have any access control checks, so it can be called by anyone. This allows an attacker to set the beacon address to a malicious contract that can steal the collateral of a loan.",Potential unauthorized invocation of setCollateralEscrowBeacon(address _collateralEscrowBeacon) external reinitializer(2).,,CollateralManager,setCollateralEscrowBeacon(address _collateralEscrowBeacon) external reinitializer(2),91,96,"function setCollateralEscrowBeacon(address _collateralEscrowBeacon)
        external
        reinitializer(2)
    {
        collateralEscrowBeacon = _collateralEscrowBeacon;
    }"
ACF-063,TellerV2,2023,TTWeb,High,https://github.com/sherlock-audit/2023-03-teller-judging/blob/main//invalid/029.md,Access Control,Missing Modifier,"The setMarketRate function is missing access control checks, allowing any user to call the function and modify the interest rate of a market. This could lead to potential financial loss for borrowers and lenders if the market rate is manipulated by unauthorized parties.","Potential unauthorized invocation of submitBid(address _lendingToken, uint256 _marketplaceId, uint256 _principal, uint32 _duration, uint16 _APR, string calldata _metadataURI, address _receiver ) public override whenNotPaused returns (uint256 bidId_).",,TellerV2,"submitBid(address _lendingToken, uint256 _marketplaceId, uint256 _principal, uint32 _duration, uint16 _APR, string calldata _metadataURI, address _receiver ) public override whenNotPaused returns (uint256 bidId_)",272,290,"function submitBid(
        address _lendingToken,
        uint256 _marketplaceId,
        uint256 _principal,
        uint32 _duration,
        uint16 _APR,
        string calldata _metadataURI,
        address _receiver
    ) public override whenNotPaused returns (uint256 bidId_) {
        bidId_ = _submitBid(
            _lendingToken,
            _marketplaceId,
            _principal,
            _duration,
            _APR,
            _metadataURI,
            _receiver
        );
    }"
ACF-064,CollateralManager4,2023,TTWeb,High,https://github.com/sherlock-audit/2023-03-teller-judging/blob/main//invalid/049.md,Access Control,Missing Modifier,"The liquidateCollateral function does not restrict access to only the lender or the liquidator, potentially allowing unauthorized parties to call the function and claim collateral. In the TellerV2Context.sol contract, the liquidateCollateral function lacks proper access control, allowing any address to call the function and potentially claim collateral. This could lead to unauthorized liquidation of loans and loss of collateral.","Potential unauthorized invocation of liquidateCollateral(uint256 _bidId, address _liquidatorAddress).",,CollateralManager,"liquidateCollateral(uint256 _bidId, address _liquidatorAddress)",268,280,"function liquidateCollateral(uint256 _bidId, address _liquidatorAddress)
        external
        onlyTellerV2
    {
        if (isBidCollateralBacked(_bidId)) {
            BidState bidState = tellerV2.getBidState(_bidId);
            require(
                bidState == BidState.LIQUIDATED,
                ""Loan has not been liquidated""
            );
            _withdraw(_bidId, _liquidatorAddress);
        }
    }"
ACF-065,TellerV2Context,2023,TTWeb,High,https://github.com/sherlock-audit/2023-03-teller-judging/blob/main//invalid/054.md,Access Control,Missing Modifier,"The TellerV2Context.sol contract does not have proper access control in place for market management functions. This could potentially allow unauthorized actors to manipulate market parameters, leading to undesirable consequences for borrowers and lenders.","Potential unauthorized invocation of isTrustedMarketForwarder(uint256 _marketId, address _trustedMarketForwarder ) public view returns (bool).",,TellerV2Context,"isTrustedMarketForwarder(uint256 _marketId, address _trustedMarketForwarder ) public view returns (bool)",38,45,"function isTrustedMarketForwarder(
        uint256 _marketId,
        address _trustedMarketForwarder
    ) public view returns (bool) {
        return
            _trustedMarketForwarders[_marketId] == _trustedMarketForwarder ||
            lenderCommitmentForwarder == _trustedMarketForwarder;
    }"
ACF-066,LenderManager,2023,TTWeb,High,https://github.com/sherlock-audit/2023-03-teller-judging/blob/main//invalid/059.md,Access Control,Missing Modifier,"The internal _getLoanMarketId function does not have any access control mechanism. This might lead to unauthorized access to the market ID information. In the LenderManager.sol contract, the _getLoanMarketId function lacks access control, potentially allowing unauthorized parties to access market ID information.",Potential unauthorized invocation of _getLoanMarketId(uint256 _bidId) internal view returns (uint256).,,LenderManager,_getLoanMarketId(uint256 _bidId) internal view returns (uint256),52,54,"function _getLoanMarketId(uint256 _bidId) internal view returns (uint256) {
        return ITellerV2(owner()).getLoanMarketId(_bidId);
    }"
ACF-067,FlashLoanRepay,2023,TTWeb,High,https://github.com/sherlock-audit/2023-04-jojo-judging/blob/main//001-H/122.md,Access Control,Missing Modifier,"The contracts FlashloanRepay, FlashloanLiquidate, GeneralRepay are trying to implement JOJO teams product functionality. FlashloanRepay is trying to repay JUSD by using the deposited collateral. FlashloanLiquidate is trying to implement the liquidation of JOJO team. GeneralRepay is trying to repay JUSD by using the collateral in users’ wallet. DepositStableCoinToDealer is trying to deposit USDC to the JOJODealer. However, the functions FlashloanRepay.JOJOFlashLoan, FlashloanRepay.JOJOFlashLoan, and GeneralRepay.JOJOFlashLoan do not validate that the caller is the JUSDBank, and DepositStableCoinToDealer.depositStableCoin do not validate if the caller is the contract owner. This means any address can call these functions passing arbitrary parameters, which can lead to user loss of funds. For example, a malicious attacker can call FlashLoanRepay.JOJOFlashLoan passing a param that decodes to swapTarget equals to USDC and data that is the calldata for approve or transfer.","Potential unauthorized invocation of JOJOFlashLoan(address asset, uint256 amount, address to, bytes calldata param).",,FlashLoanRepay,"JOJOFlashLoan(address asset, uint256 amount, address to, bytes calldata param)",35,70,"function JOJOFlashLoan(
        address asset,
        uint256 amount,
        address to,
        bytes calldata param
    ) external {
        (address approveTarget, address swapTarget, uint256 minReceive, bytes memory data) = abi
            .decode(param, (address, address, uint256, bytes));
        IERC20(asset).approve(approveTarget, amount);
        (bool success, ) = swapTarget.call(data);
        if (success == false) {
            assembly {
                let ptr := mload(0x40)
                let size := returndatasize()
                returndatacopy(ptr, 0, size)
                revert(ptr, size)
            }
        }
        uint256 USDCAmount = IERC20(USDC).balanceOf(address(this));
        require(USDCAmount >= minReceive, ""receive amount is too small"");
        uint256 JUSDAmount = USDCAmount;

        uint256 borrowBalance = IJUSDBank(jusdBank).getBorrowBalance(to);
        if (USDCAmount <= borrowBalance) {
            IERC20(USDC).approve(jusdExchange, USDCAmount);
            IJUSDExchange(jusdExchange).buyJUSD(USDCAmount, address(this));
        } else {
            IERC20(USDC).approve(jusdExchange, borrowBalance);
            IJUSDExchange(jusdExchange).buyJUSD(borrowBalance, address(this));
            IERC20(USDC).safeTransfer(to, USDCAmount - borrowBalance);
            JUSDAmount = borrowBalance;
        }

        IERC20(JUSD).approve(jusdBank, JUSDAmount);
        IJUSDBank(jusdBank).repay(JUSDAmount, to);
    }"
ACF-068,EmergencyOracleFactory,2023,TTWeb,High,https://github.com/sherlock-audit/2023-04-jojo-judging/blob/main//073-M/203.md,Access Control,Missing Modifier,"newEmergencyOracle() is an external function in the EmergencyOracleFactory.sol used to deploy new Emergency Oracles. There's no access control implemented on it, therefore anyone can deploy an emergency oracle not just JOJO team in the case of an emergency.",Potential unauthorized invocation of newEmergencyOracle(string calldata description).,,EmergencyOracleFactory,newEmergencyOracle(string calldata description),54,59,"function newEmergencyOracle(string calldata description) external {
        address newOracle = address(
            new EmergencyOracle(msg.sender, description)
        );
        emit NewEmergencyOracle(msg.sender, newOracle);
    }"
ACF-069,Operation,2023,TTWeb,High,https://github.com/sherlock-audit/2023-04-jojo-judging/blob/main//invalid/370.md,Access Control,Missing Modifier,Lack of access control to several functions in Operation.sol,"Potential unauthorized invocation of setFundingRateKeeper(Types.State storage state, address newKeeper).",,Operation,"setFundingRateKeeper(Types.State storage state, address newKeeper)",95,101,"function setFundingRateKeeper(Types.State storage state, address newKeeper)
        external
    {
        address oldKeeper = state.fundingRateKeeper;
        state.fundingRateKeeper = newKeeper;
        emit SetFundingRateKeeper(oldKeeper, newKeeper);
    }"
ACF-070,JUSDMulticall,2023,TTWeb,High,https://github.com/sherlock-audit/2023-04-jojo-judging/blob/main//invalid/376.md,Access Control,Missing Modifier,"The multiCall() function in JUSDMulticall.sol has no access control. And JUSDBank.sol inherits from it. As a result, anyone can call this function to perform anything, such as draining the fund or call selfdestruct to ruin the contract. Function multiCall() use delegatecall, which allows the caller to do literally anything.",Potential unauthorized invocation of multiCall(bytes[] memory callData ) external returns (bytes[] memory returnData).,,JUSDMulticall,multiCall(bytes[] memory callData ) external returns (bytes[] memory returnData),13,32,"function multiCall(
        bytes[] memory callData
    ) external returns (bytes[] memory returnData) {
        returnData = new bytes[](callData.length);

        for (uint256 i; i < callData.length; i++) {
            (bool success, bytes memory res) = address(this).delegatecall(
                callData[i]
            );
            if (success == false) {
                assembly {
                    let ptr := mload(0x40)
                    let size := returndatasize()
                    returndatacopy(ptr, 0, size)
                    revert(ptr, size)
                }
            }
            returnData[i] = res;
        }
    }"
ACF-071,FootiumAcademy,2023,TTWeb,High,https://github.com/sherlock-audit/2023-04-footium-judging/blob/main//false/259.md,Access Control,Missing Modifier,"Within the FootiumAcademy#mintPlayers(), there is no validation to check whether or not the caller would be the owner. This lead to unexpected-situation that anyone can call the FootiumAcademy#mintPlayers() and mint players freely.","Potential unauthorized invocation of mintPlayers(SeasonID seasonId, uint256 clubId, uint256 divisionTier, uint256[] calldata generationIds, bytes32[] calldata divisionProof).",,FootiumAcademy,"mintPlayers(SeasonID seasonId, uint256 clubId, uint256 divisionTier, uint256[] calldata generationIds, bytes32[] calldata divisionProof)",166,212,"function mintPlayers(
        SeasonID seasonId,
        uint256 clubId,
        uint256 divisionTier,
        uint256[] calldata generationIds,
        bytes32[] calldata divisionProof
    ) external payable whenNotPaused nonReentrant {
        uint256 totalFee = _validateMintingParams(
            seasonId,
            clubId,
            divisionTier,
            generationIds,
            divisionProof
        );

        uint256 generationId;

        for (uint256 i = 0; i < generationIds.length; ) {
            generationId = generationIds[i];

            if (generationId > _maxGenerationId) {
                revert GenerationIDTooHigh(generationId, _maxGenerationId);
            }

            if (redeemed[seasonId][clubId][generationId]) {
                revert PlayerAlreadyRedeemed(generationId);
            }

            redeemed[seasonId][clubId][generationId] = true;

            uint256 playerId = _footiumPlayer.safeMint(
                _footiumClub.clubToEscrow(clubId)
            );

            emit AcademyPlayerMinted(seasonId, clubId, generationId, playerId);

            unchecked {
                i++;
            }
        }

        // forward total fee to the prize distributor contract
        (bool sent, ) = _prizeDistributorAddress.call{value: totalFee}("""");
        if (!sent) {
            revert FailedToSendETH(totalFee);
        }
    }"
ACF-072,FootiumGeneralPaymentContract,2023,TTWeb,High,https://github.com/sherlock-audit/2023-04-footium-judging/blob/main//false/265.md,Access Control,Missing Modifier,The makePayment function allows any address to make a payment for any club. This could lead to unauthorized users paying on behalf of a club or causing disruptions in the payment process.,"Potential unauthorized invocation of makePayment(uint256 _clubId, string calldata _message).",,FootiumGeneralPaymentContract,"makePayment(uint256 _clubId, string calldata _message)",84,104,"function makePayment(uint256 _clubId, string calldata _message)
        external
        payable
        whenNotPaused
        nonReentrant
    {
        if (msg.sender != footiumClub.ownerOf(_clubId)) {
            revert NotClubOwner(_clubId, msg.sender);
        }

        if (msg.value <= 0) {
            revert IncorrectETHAmount(msg.value);
        }

        (bool sent, ) = paymentReceiverAddress.call{value: msg.value}("""");
        if (!sent) {
            revert FailedToSendETH(msg.value);
        }

        emit PaymentMade(_clubId, msg.value, _message);
    }"
ACF-073,ERC20Token,2023,TTWeb,High,https://github.com/sherlock-audit/2023-04-unitasprotocol-judging/blob/main//false/126.md,Access Control,Missing Modifier,"once revoke function is called, no one will have the guardian role. revokeGuardian remove the only one guardian role , and no one has the guardian role may cause the function can never be accessed.",Potential unauthorized invocation of revokeGuardian(address oldGuardian).,,ERC20Token,revokeGuardian(address oldGuardian),123,126,"function revokeGuardian(address oldGuardian) external onlyGuardian {
        require(oldGuardian != address(0), ""oldGuardian cannot be the zero address"");
        _revokeRole(GUARDIAN_ROLE, oldGuardian);
    }"
ACF-074,ClaimModule,2023,TTWeb,High,https://github.com/sherlock-audit/2023-05-Index-judging/blob/main//001-H/054.md,Access Control,Missing Modifier,"The removeModule() in ClaimModule.sol marked as external. Everyone could call this function to execute the function and remove modules from the contract. Anyone could remove modules to cause a major disruption in the protocol's operation. Let's say Alice is able to call removeModule(), she may able to stop the protocol's services.",Potential unauthorized invocation of removeModule().,,ClaimModule,removeModule(),264,289,"function removeModule() external override {
        delete anyoneClaim[ISetToken(msg.sender)];

        // explicitly delete all elements for gas refund
        address[] memory setTokenPoolList = rewardPoolList[ISetToken(msg.sender)];
        for (uint256 i = 0; i < setTokenPoolList.length; i++) {

            address[] storage adapterList = claimSettings[ISetToken(msg.sender)][setTokenPoolList[i]];
            for (uint256 j = 0; j < adapterList.length; j++) {

                address toRemove = adapterList[j];
                claimSettingsStatus[ISetToken(msg.sender)][setTokenPoolList[i]][toRemove] = false;

                delete adapterList[j];
            }
            delete claimSettings[ISetToken(msg.sender)][setTokenPoolList[i]];
        }

        for (uint256 i = 0; i < rewardPoolList[ISetToken(msg.sender)].length; i++) {
            address toRemove = rewardPoolList[ISetToken(msg.sender)][i];
            rewardPoolStatus[ISetToken(msg.sender)][toRemove] = false;

            delete rewardPoolList[ISetToken(msg.sender)][i];
        }
        delete rewardPoolList[ISetToken(msg.sender)];
    }"
ACF-075,CVE-2018-10666,2018,CVE,High,https://nvd.nist.gov/vuln/detail/CVE-2018-10666,Access Control,Missing Modifier,"the Owned smart contract implementation for Aurora IDEX Membership (IDXM), an Ethereum ERC20 token, allows attackers to acquire contract ownership because the setOwner function is declared as public. A new owner can subsequently modify variables.t",Potential unauthorized invocation of setOwner(address _owner) returns (bool success).,,Owned,setOwner(address _owner) returns (bool success),37,40,"function setOwner(address _owner) returns (bool success) {
    owner = _owner;
    return true;
  }"
ACF-076,CVE-2018-10705,2018,CVE,High,https://nvd.nist.gov/vuln/detail/CVE-2018-10705,Access Control,Missing Modifier,"The Owned smart contract implementation for Aurora DAO (AURA), an Ethereum ERC20 token, allows attackers to acquire contract ownership because the setOwner function is declared as public. An attacker can then conduct a lockBalances() denial of service attack.",Potential unauthorized invocation of setOwner(address _owner) returns (bool success).,,Owned,setOwner(address _owner) returns (bool success),31,34,"function setOwner(address _owner) returns (bool success) {
    owner = _owner;
    return true;
  }"
ACF-077,CVE-2018-11329,2018,CVE,High,https://nvd.nist.gov/vuln/detail/CVE-2018-11329,Access Control,Missing Modifier,"The DrugDealer function of a smart contract implementation for Ether Cartel, an Ethereum game, allows attackers to take over the contract's ownership, aka ceoAnyone. After that, all the digital assets (including Ether balance and tokens) might be manipulated by the attackers, as exploited in the wild in May 2018.",Potential unauthorized invocation of DrugDealer().,,EtherCartel,DrugDealer(),22,24,"function DrugDealer() public{
        ceoAddress=msg.sender;
    }"
ACF-078,CVE-2018-17111,2018,CVE,High,https://nvd.nist.gov/vuln/detail/CVE-2018-17111,Access Control,Missing Modifier,"The onlyOwner modifier of a smart contract implementation for Coinlancer (CL), an Ethereum ERC20 token, has a potential access control vulnerability. All contract users can access functions that use this onlyOwner modifier, because the comparison between msg.sender and owner is incorrect.",Potential unauthorized invocation of onlyOwner().,,Coinlancer,onlyOwner(),56,61,"modifier onlyOwner() {
         require(msg.sender != owner); {

          }
          _;
      }"
ACF-079,CVE-2018-19831,2018,CVE,High,https://nvd.nist.gov/vuln/detail/CVE-2018-19831,Access Control,Missing Modifier,"The ToOwner() function of a smart contract implementation for Cryptbond Network (CBN), an tradable Ethereum ERC20 token, allows attackers to change the owner of the contract, because the function does \xmarkt check the caller's identity.",Potential unauthorized invocation of ToOwner().,,Cryptbond,ToOwner(),99,104,"function ToOwner(

    ) public {
        balances[msg.sender] = totalSupply;               // Give the creator all initial tokens
        owner = msg.sender;
    }"
ACF-080,CVE-2018-19832,2018,CVE,High,https://nvd.nist.gov/vuln/detail/CVE-2018-19832,Access Control,Missing Modifier,"The NETM() function of a smart contract implementation for NewIntelTechMedia (NETM), an tradable Ethereum ERC20 token, allows attackers to change the owner of the contract, because the function does \xmarkt check the caller's identity.",Potential unauthorized invocation of NETM().,,NewIntelTechMedia,NETM(),107,110,"function NETM() public {
        owner = msg.sender;
        balances[owner] = totalDistributed;
    }"
ACF-081,CVE-2018-19833,2018,CVE,High,https://nvd.nist.gov/vuln/detail/CVE-2018-19833,Access Control,Missing Modifier,"The owned function of a smart contract implementation for DDQ, an tradable Ethereum ERC20 token, allows attackers to change the owner of the contract, because the function does \xmarkt check the caller's identity.",Potential unauthorized invocation of owned().,,ERCDDAToken,owned(),19,21,"function owned() public {
        owner = msg.sender;
    }"
ACF-082,CVE-2019-15079,2019,CVE,High,https://nvd.nist.gov/vuln/detail/CVE-2019-15079,Access Control,Missing Modifier,"A typo exists in the constructor of a smart contract implementation for EAI through 2019-06-05, an Ethereum token. This vulnerability could be used by an attacker to acquire EAI tokens for free.","Potential unauthorized invocation of EAI_TokenERC20(uint256 initialSupply, string tokenName, string tokenSymbol).",,EAI_TokenERC,"EAI_TokenERC20(uint256 initialSupply, string tokenName, string tokenSymbol)",33,42,"function EAI_TokenERC20(
        uint256 initialSupply,
        string tokenName,
        string tokenSymbol
    ) public {
        totalSupply = initialSupply * 10 ** uint256(decimals);  // Update total supply with the decimal amount
        balanceOf[msg.sender] = totalSupply;                // Give the creator all initial tokens
        name = tokenName;                                   // Set the name for display purposes
        symbol = tokenSymbol;                               // Set the symbol for display purposes
    }"
ACF-083,CVE-2019-15080,2019,CVE,High,https://nvd.nist.gov/vuln/detail/CVE-2019-15080,Access Control,Missing Modifier,"An issue was discovered in a smart contract implementation for MORPH Token through 2019-06-05, an Ethereum token. A typo in the constructor of the Owned contract (which is inherited by MORPH Token) allows attackers to acquire contract ownership. A new owner can subsequently obtain MORPH Tokens for free and can perform a DoS attack.",Potential unauthorized invocation of owned().,,Owned,owned(),16,18,"function owned() public {
            owner = msg.sender;
        }"
ACF-084,CVE-2020-17753,2020,CVE,High,https://nvd.nist.gov/vuln/detail/CVE-2020-17753,Access Control,Missing Modifier,"An issue was discovered in function addMeByRC in the smart contract implementation for RC, an Ethereum token, allows attackers to transfer an arbitrary amount of tokens to an arbitrary address.",Potential unauthorized invocation of addMeByRC().,,TokenSale,addMeByRC(),451,457,"function addMeByRC() public {
        require(tx.origin == owner);

        rc[ msg.sender ]  = true;

        emit NewRC(msg.sender);
    }"
ACF-085,CVE-2020-35962,2020,CVE,High,https://nvd.nist.gov/vuln/detail/CVE-2020-35962,Access Control,Missing Modifier,"The sellTokenForLRC function in the vault protocol in the smart contract implementation for Loopring (LRC), an Ethereum token, lacks access control for fee swapping and thus allows price manipulation.","Potential unauthorized invocation of sellTokenForLRC(address token, uint amount ) external; /// @dev Returns some global stats regarding fees. /// @return accumulatedFees The accumulated amount of LRC protocol fees. /// @return accumulatedBurn The accumulated amount of LRC to burn. /// @return accumulatedDAOFund The accumulated amount of LRC as developer pool. /// @return accumulatedReward The accumulated amount of LRC as staking reward. /// @return remainingFees The remaining amount of LRC protocol fees. /// @return remainingBurn The remaining amount of LRC to burn. /// @return remainingDAOFund The remaining amount of LRC as developer pool. /// @return remainingReward The remaining amount of LRC as staking reward. getProtocolFeeStats() public view returns ( uint accumulatedFees, uint accumulatedBurn, uint accumulatedDAOFund, uint accumulatedReward, uint remainingFees, uint remainingBurn, uint remainingDAOFund, uint remainingReward ); } /* Copyright 2017 Loopring Project Ltd (Loopring Foundation). Licensed under the Apache License, Version 2.0 (the ""License"").",,IProtocolFeeVault,"sellTokenForLRC(address token, uint amount ) external; /// @dev Returns some global stats regarding fees. /// @return accumulatedFees The accumulated amount of LRC protocol fees. /// @return accumulatedBurn The accumulated amount of LRC to burn. /// @return accumulatedDAOFund The accumulated amount of LRC as developer pool. /// @return accumulatedReward The accumulated amount of LRC as staking reward. /// @return remainingFees The remaining amount of LRC protocol fees. /// @return remainingBurn The remaining amount of LRC to burn. /// @return remainingDAOFund The remaining amount of LRC as developer pool. /// @return remainingReward The remaining amount of LRC as staking reward. getProtocolFeeStats() public view returns ( uint accumulatedFees, uint accumulatedBurn, uint accumulatedDAOFund, uint accumulatedReward, uint remainingFees, uint remainingBurn, uint remainingDAOFund, uint remainingReward ); } /* Copyright 2017 Loopring Project Ltd (Loopring Foundation). Licensed under the Apache License, Version 2.0 (the ""License"")",733,797,"function sellTokenForLRC(
        address token,
        uint    amount
        )
        external;

    /// @dev Returns some global stats regarding fees.
    /// @return accumulatedFees The accumulated amount of LRC protocol fees.
    /// @return accumulatedBurn The accumulated amount of LRC to burn.
    /// @return accumulatedDAOFund The accumulated amount of LRC as developer pool.
    /// @return accumulatedReward The accumulated amount of LRC as staking reward.
    /// @return remainingFees The remaining amount of LRC protocol fees.
    /// @return remainingBurn The remaining amount of LRC to burn.
    /// @return remainingDAOFund The remaining amount of LRC as developer pool.
    /// @return remainingReward The remaining amount of LRC as staking reward.
    function getProtocolFeeStats()
        public
        view
        returns (
            uint accumulatedFees,
            uint accumulatedBurn,
            uint accumulatedDAOFund,
            uint accumulatedReward,
            uint remainingFees,
            uint remainingBurn,
            uint remainingDAOFund,
            uint remainingReward
        );
}

/*

  Copyright 2017 Loopring Project Ltd (Loopring Foundation).

  Licensed under the Apache License, Version 2.0 (the ""License"");
  you may not use this file except in compliance with the License.
  You may obtain a copy of the License at

  http://www.apache.org/licenses/LICENSE-2.0

  Unless required by applicable law or agreed to in writing, software
  distributed under the License is distributed on an ""AS IS"" BASIS,
  WITHOUT WARRANTIES OR CONDITIONS OF ANY KIND, either express or implied.
  See the License for the specific language governing permissions and
  limitations under the License.
*/


/// @title ITokenSeller
/// @dev Use this contract to sell tokenS for as many tokenB.
/// @author Daniel Wang  - <daniel@loopring.org>
contract ITokenSeller
{
    /// @dev Sells all tokenS for tokenB
    /// @param tokenS The token or Ether (0x0) to sell.
    /// @param tokenB The token to buy.
    /// @return success True if success, false otherwise.
    function sellToken(
        address tokenS,
        address tokenB
        )
        external
        payable
        returns (bool success);
}"
ACF-086,HPAY,2022,DeFi Hack Labs,High,https://wooded-meter-1d8.notion.site/0e85e02c5ed34df3855ea9f3ca40f53b?v=22e5e2c506ef4caeb40b4f78e23517ee&p=d4489312830a40819dbfc3ec1fb4246c&pm=s,Access Control,Missing Modifier,Due to _addre is controllable. Attacker can call setToken() to set fake token created by self. 1.setToken to faketoken 2.Deposit faketoken 3.setToken to HPAY 3.withdraw.  over,Potential unauthorized invocation of setToken(address _addr) public.,,defi_hack_1,setToken(address _addr) public,1,5,"function setToken(address _addr) public {
    //vulnerable point**
        configuration.stakingToken = ERC20(_addr);
        configuration.rewardsToken = ERC20(_addr);
    }"
ACF-087,Uerii,2022,DeFi Hack Labs,High,https://wooded-meter-1d8.notion.site/0e85e02c5ed34df3855ea9f3ca40f53b?v=22e5e2c506ef4caeb40b4f78e23517ee&p=006421dce8be4f35a7e869e276d0e6c1&pm=s,Access Control,Missing Modifier,"The privileged entry point mint() public returns (bool) lacks proper authorization validation, allowing unauthorized callers to reach sensitive logic.",Potential unauthorized invocation of mint() public returns (bool).,,Token,mint() public returns (bool),493,496,"    function mint() public returns (bool) {
        _mint( msg.sender, 100000000000000000 );
        return true;
    }"
ACF-088,Templedao,2022,DeFi Hack Labs,High,https://wooded-meter-1d8.notion.site/0e85e02c5ed34df3855ea9f3ca40f53b?v=22e5e2c506ef4caeb40b4f78e23517ee&p=268b5c5612bd4b1dadaa5acb16bc6c06&pm=s,Access Control,Missing Modifier,insufficient access control to the migrateStake function.,"Potential unauthorized invocation of migrateStake(address oldStaking, uint256 amount) external.",,StaxLPStaking,"migrateStake(address oldStaking, uint256 amount) external",241,244,"    function migrateStake(address oldStaking, uint256 amount) external {
        StaxLPStaking(oldStaking).migrateWithdraw(msg.sender, amount);
        _applyStake(msg.sender, amount);
    }"
ACF-089,MevBot private tx,2022,DeFi Hack Labs,High,https://wooded-meter-1d8.notion.site/0e85e02c5ed34df3855ea9f3ca40f53b?v=22e5e2c506ef4caeb40b4f78e23517ee&p=7454c604ef544cf1bf933b7da7979c51&pm=s,Access Control,Missing Modifier,"1) Decompile contract https://bscscan.com/address/0x64dd59d6c7f09dc05b472ce5cb961b6e10106e1d We can see a public function called pancakeCall, which means anyone can call this function.2)Check pancakeCall code logic Once pass all required check then perform 0x10a(v0, varg2, varg1); 3) Track into 0x10a(), we can see transfer funds to addree ""MEM[varg0.data+32]"". Since variable ""[http://varg0.data](https://t.co/KT6EufOI6Z)"" attacker can control over calldata in pancakeCall. So that's why an attacker can drain out the funds from the MEV contract.","Potential unauthorized invocation of pancakeCall(address varg0, uint256 varg1, uint256 varg2, bytes varg3) public Payable.",,defi_hack_4,"pancakeCall(address varg0, uint256 varg1, uint256 varg2, bytes varg3) public Payable",1,12,"function pancakeCall(address varg0, uint256 varg1, uint256 varg2, bytes varg3) public Payable {
    require(msg.data.length - 4 >= 128);
    require(varg0 == vargo);

    require(varg3 <= 0xffffffffffffffff);
    require(4 + varg3 + 31 < msg.data.length);
    require(varg3.length <= @xffffffffffffffff):
    require(4 + varg3 + varg3.length + 32 <= msg.data. length);
    vo = new bytes [l(varg3.length);
    CALLDATACOPY(vO.data,36 + varg3， varg3. length) ;vo[varg3.lenathl = 0:
    0x10a(vo, varg2, varg1);
}"
ACF-090,ShadowFi,2022,DeFi Hack Labs,High,https://wooded-meter-1d8.notion.site/0e85e02c5ed34df3855ea9f3ca40f53b?v=22e5e2c506ef4caeb40b4f78e23517ee&p=35b99513c187402a9aaa74e0baa317a2&pm=s,Access Control,Missing Modifier,"Due to the public access of burn() method, an attacker burned 10.3M SDF in the pair and then sync'd the price. Then they swap 8.4 SDF for 1078 BNB (~$298.2K) and transfer to tornato","Potential unauthorized invocation of burn(address account, uint256 _amount) public.",,defi_hack_5,"burn(address account, uint256 _amount) public",1,5,"function burn(address account, uint256 _amount) public { //vulnerable point
        _transferFrom(account, DEAD, _amount);

        emit burnTokens(account, _amount);
    }"
ACF-091,Reaper Farm,2022,DeFi Hack Labs,High,https://wooded-meter-1d8.notion.site/0e85e02c5ed34df3855ea9f3ca40f53b?v=22e5e2c506ef4caeb40b4f78e23517ee&p=e32c7033b86d42749cc6ad80f27daeaa&pm=s,Access Control,Missing Modifier,"without proper access control, allowing anyone to withdraw anyone else’s funds.","Potential unauthorized invocation of _withdraw(uint256 assets, uint256 shares, address receiver, address owner) internal returns (uint256).",,ReaperVaultV2,"_withdraw(uint256 assets, uint256 shares, address receiver, address owner) internal returns (uint256)",323,369,"    function _withdraw(uint256 assets, uint256 shares, address receiver, address owner) internal returns (uint256) {
        _burn(owner, shares);

        if (assets > IERC20Metadata(asset).balanceOf(address(this))) {
            uint256 totalLoss = 0;
            uint256 queueLength = withdrawalQueue.length;
            uint256 vaultBalance = 0;

            for (uint256 i = 0; i < queueLength; i = _uncheckedInc(i)) {
                vaultBalance = IERC20Metadata(asset).balanceOf(address(this));
                if (assets <= vaultBalance) {
                    break;
                }

                address stratAddr = withdrawalQueue[i];
                uint256 strategyBal = strategies[stratAddr].allocated;
                if (strategyBal == 0) {
                    continue;
                }

                uint256 remaining = assets - vaultBalance;
                uint256 loss = IStrategy(stratAddr).withdraw(Math.min(remaining, strategyBal));
                uint256 actualWithdrawn = IERC20Metadata(asset).balanceOf(address(this)) - vaultBalance;

                // Withdrawer incurs any losses from withdrawing as reported by strat
                if (loss != 0) {
                    assets -= loss;
                    totalLoss += loss;
                    _reportLoss(stratAddr, loss);
                }

                strategies[stratAddr].allocated -= actualWithdrawn;
                totalAllocated -= actualWithdrawn;
            }

            vaultBalance = IERC20Metadata(asset).balanceOf(address(this));
            if (assets > vaultBalance) {
                assets = vaultBalance;
            }

            require(totalLoss <= ((assets + totalLoss) * withdrawMaxLoss) / PERCENT_DIVISOR, ""Cannot exceed the maximum allowed withdraw slippage"");
        }

        IERC20Metadata(asset).safeTransfer(receiver, assets);
        emit Withdraw(msg.sender, receiver, owner, assets, shares);
        return assets;
    }"
ACF-092,SpaceGodzilla,2022,DeFi Hack Labs,High,https://wooded-meter-1d8.notion.site/0e85e02c5ed34df3855ea9f3ca40f53b?v=22e5e2c506ef4caeb40b4f78e23517ee&p=1c6f8927668d481daa6b25fb1bc1317d&pm=s,Access Control,Missing Modifier,"The privileged entry point swapAndLiquifyStepv1() public lacks proper authorization validation, allowing unauthorized callers to reach sensitive logic.",Potential unauthorized invocation of swapAndLiquifyStepv1() public.,,SpaceGodzilla,swapAndLiquifyStepv1() public,1233,1237,"    function swapAndLiquifyStepv1() public {
        uint256 ethBalance = ETH.balanceOf(address(this));
        uint256 tokenBalance = balanceOf(address(this));
        addLiquidityUsdt(tokenBalance, ethBalance);
    }"
ACF-093,GYMNetwork,2022,DeFi Hack Labs,High,https://wooded-meter-1d8.notion.site/0e85e02c5ed34df3855ea9f3ca40f53b?v=22e5e2c506ef4caeb40b4f78e23517ee&p=579d6806099e4304aa761ade1d1c7eac&pm=s,Access Control,Missing Modifier,"The privileged entry point depositFromOtherContract( uint256 _depositAmount, uint8 _periodId, bool isUnlocked, address _from ) external lacks proper authorization validation, allowing unauthorized callers to reach sensitive logic.","Potential unauthorized invocation of depositFromOtherContract( uint256 _depositAmount, uint8 _periodId, bool isUnlocked, address _from ) external.",,GymSinglePool,"depositFromOtherContract( uint256 _depositAmount, uint8 _periodId, bool isUnlocked, address _from ) external",286,294,"    function depositFromOtherContract(
        uint256 _depositAmount,
        uint8 _periodId,
        bool isUnlocked,
        address _from
    ) external  {
        require(isPoolActive,'Contract is not running yet');
        _autoDeposit(_depositAmount,_periodId,isUnlocked,_from);
    }"
ACF-094,DAO Maker,2021,DeFi Hack Labs,High,https://wooded-meter-1d8.notion.site/0e85e02c5ed34df3855ea9f3ca40f53b?v=22e5e2c506ef4caeb40b4f78e23517ee&p=f8caada455094e60a894f773bae35090&pm=s,Access Control,Missing Modifier,"The privileged entry point emergencyExit(address varg0) public payable lacks proper authorization validation, allowing unauthorized callers to reach sensitive logic.",Potential unauthorized invocation of emergencyExit(address varg0) public payable.,,defi_hack_11,emergencyExit(address varg0) public payable,1,56,"function emergencyExit(address varg0) public payable {  //vulnerable point
    require(msg.data.length - 4 >= 32);
    require(msg.sender == _owner, 'Ownable: caller is not the owner');
    require((address(_hasInitialized >> 8)).code.size);
    v0, v1 = address(_hasInitialized >> 8).balanceOf(address(this)).gas(msg.gas);
    require(v0); // checks call status, propagates error data on error
    require(RETURNDATASIZE() >= 32);
    MEM[MEM[64]] = 68;
    if (this.balance >= 0) {
        if ((address(_hasInitialized >> 8)).code.size) {
            v2 = v3 = MEM[64];
            v4 = v5 = MEM[MEM[64]];
            v6 = v7 = 32 + MEM[64];
            while (v4 >= 32) {
                MEM[v2] = MEM[v6];
                v4 = v4 + ~31;
                v2 += 32;
                v6 += 32;
            }
            MEM[v2] = MEM[v6] & ~(256 ** (32 - v4) - 1) | MEM[v2] & 256 ** (32 - v4) - 1;
            v8, v9, v10, v11 = address(_hasInitialized >> 8).transfer(varg0, v1).gas(msg.gas);
            if (RETURNDATASIZE() == 0) {
                v12 = v13 = 96;
            } else {
                v12 = v14 = new bytes[](RETURNDATASIZE());
                RETURNDATACOPY(v14.data, 0, RETURNDATASIZE());
            }
            if (!v8) {
                require(!MEM[v12], v11, MEM[v12]);
                v15 = new array[](v16.length);
                v17 = v18 = 0;
                while (v17 < v16.length) {
                    MEM[v17 + v15.data] = MEM[v17 + v16.data];
                    v17 += 32;
                }
                v19 = v20 = v16.length + v15.data;
                if (0) {
                    MEM[v20 - 0] = ~0x0 & MEM[v20 - 0];
                }
                revert(v15, v21, 'SafeERC20: low-level call failed');
            } else {
                if (MEM[v12]) {
                    require(MEM[v12] >= 32);
                    require(MEM[32 + v12], 'SafeERC20: ERC20 operation did not succeed');
                }
                exit;
            }
        } else {
            MEM[MEM[64] + 4] = 32;
            revert('Address: call to non-contract');
        }
    } else {
        MEM[4 + MEM[64]] = 32;
        revert('Address: insufficient balance for call');
    }
}"
ACF-095,CVE-2021-3006,2021,CVE,High,https://nvd.nist.gov/vuln/detail/CVE-2021-3006,Access Control,Missing Modifier,"The breed function in the smart contract implementation for Farm in Seal Finance (Seal), an Ethereum token, lacks access control and thus allows price manipulation, as exploited in the wild in December 2020 and January 2021.",Potential unauthorized invocation of breed() external.,,Seal,breed() external,1,15,"function breed() external {
    require(now /1 days > today);
    today += 1;
    uint256 sealPairAmount = sealbalance0f(address(cSeal));
    uint256 tokenPairAmount = token.balanceof(address(cSeal));
    uint256 newSeal = sealPairAmount.mul(spawnRate).div(1e18);
    uint256 amount = UniswapV2Library,getAmountOut(newSeal, seaPairAmount, tokenPairAmount);
    seal.mint(address(cSeal), newSeal);
    if(address(seal) < address(token))
        cSeal.swap(0, amount, address(this),"""");
    else
    cSeal.swap(amount, 0, address(this), """");
    token.transfer(address(cSeal), amount);seal.mint(address(cSeal), newSeal);
    cSeal.mint(address(this));
}"
ACF-096,CVE-2021-34273,2021,CVE,High,https://nvd.nist.gov/vuln/detail/CVE-2021-34273,Access Control,Missing Modifier,"A security flaw in the 'owned' function of a smart contract implementation for BTC2X (B2X), a tradeable Ethereum ERC20 token, allows attackers to hijack victim accounts and arbitrarily increase the digital supply of assets.",Potential unauthorized invocation of owned() public.,,Owned,owned() public,35,37,"    function owned() public {
        owner = msg.sender;
    }"
ACF-097,CVE-2021-39167,2021,CVE,High,https://nvd.nist.gov/vuln/detail/CVE-2021-39167,Access Control,General Access Control,"OpenZepplin is a library for smart contract development. In affected versions a vulnerability in TimelockController allowed an actor with the executor role to escalate privileges. Further details about the vulnerability will be disclosed at a later date. As a workaround revoke the executor role from accounts \xmarkt strictly under the team's control. We recommend revoking all executors that are \xmarkt also proposers. When applying this mitigation, ensure there is at least one proposer and executor remaining.",Potential unauthorized invocation of _afterCall(bytes32 id) private.,,TimelockController,_afterCall(bytes32 id) private,313,316,"    function _afterCall(bytes32 id) private {
        require(isOperationReady(id), ""TimelockController: operation is not ready"");
        _timestamps[id] = _DONE_TIMESTAMP;
    }"
ACF-098,CVE-2021-39168,2021,CVE,High,https://nvd.nist.gov/vuln/detail/CVE-2021-39168,Access Control,General Access Control,"OpenZepplin is a library for smart contract development. In affected versions a vulnerability in TimelockController allowed an actor with the executor role to escalate privileges. Further details about the vulnerability will be disclosed at a later date. As a workaround revoke the executor role from accounts \xmarkt strictly under the team's control. We recommend revoking all executors that are \xmarkt also proposers. When applying this mitigation, ensure there is at least one proposer and executor remaining.",Potential unauthorized invocation of _afterCall(bytes32 id) private.,,TimelockController,_afterCall(bytes32 id) private,313,316,"    function _afterCall(bytes32 id) private {
        require(isOperationReady(id), ""TimelockController: operation is not ready"");
        _timestamps[id] = _DONE_TIMESTAMP;
    }"
ACF-099,IOracleFactory,2023,TTWeb,High,https://github.com/sherlock-audit/2023-04-splits-judging/blob/main//false/017.md,Access Control,Missing Modifier,"The createOracle function in the IOracleFactory.sol contract creates a new OracleImpl instance. However, there are no access control mechanisms to restrict who can call this function, which may allow unauthorized users to create oracles with potentially malicious parameters.",Potential unauthorized invocation of createOracle(bytes calldata data_) external returns (OracleImpl oracle).,,IOracleFactory,createOracle(bytes calldata data_) external returns (OracleImpl oracle),8,8,    function createOracle(bytes calldata data_) external returns (OracleImpl oracle);
ACF-100,BondFixedExpiryTeller,2022,DeFi Hack Labs,High,https://wooded-meter-1d8.notion.site/0e85e02c5ed34df3855ea9f3ca40f53b?v=22e5e2c506ef4caeb40b4f78e23517ee&p=6c30f71c9c4b456b8d2746f17536393e&pm=s,Access Control,Missing Modifier,"Due to token_ is controllable and does not validate properly on BondFixedExpiryTeller, attacker can create a custom contract to drain out the fund on BondFixedExpiryTeller.","Potential unauthorized invocation of redeem(ERC20BondToken token_, uint256 amount_) external override nonReentrant.",,BondFixedExpiryTeller,"redeem(ERC20BondToken token_, uint256 amount_) external override nonReentrant",137,142,"    function redeem(ERC20BondToken token_, uint256 amount_) external override nonReentrant {
        if (uint48(block.timestamp) < token_.expiry())
            revert Teller_TokenNotMatured(token_.expiry());
        token_.burn(msg.sender, amount_);
        token_.underlying().transfer(msg.sender, amount_);
    }"
ACF-101,SwapMining,2021,DeFi Hack Labs,High,https://wooded-meter-1d8.notion.site/0e85e02c5ed34df3855ea9f3ca40f53b?v=22e5e2c506ef4caeb40b4f78e23517ee&p=19f0371ea6d842049ce2cd8de9a7be01&pm=s,Access Control,Missing Modifier,Attacker created fake factory contract to get real reward tokens.,"Potential unauthorized invocation of swap(address account, address input, address output, uint256 amount) public onlyRouter returns (bool).",,SwapMining,"swap(address account, address input, address output, uint256 amount) public onlyRouter returns (bool)",236,269,"    function swap(address account, address input, address output, uint256 amount) public onlyRouter returns (bool) {
        require(account != address(0), ""SwapMining: taker swap account is the zero address"");
        require(input != address(0), ""SwapMining: taker swap input is the zero address"");
        require(output != address(0), ""SwapMining: taker swap output is the zero address"");

        if (poolLength() <= 0) {
            return false;
        }

        if (!isWhitelist(input) || !isWhitelist(output)) {
            return false;
        }

        address pair = BabyLibrary.pairFor(address(factory), input, output);
        PoolInfo storage pool = poolInfo[pairOfPid[pair]];
        // If it does not exist or the allocPoint is 0 then return
        if (pool.pair != pair || pool.allocPoint <= 0) {
            return false;
        }

        uint256 quantity = getQuantity(output, amount, targetToken);
        if (quantity <= 0) {
            return false;
        }

        mint(pairOfPid[pair]);

        pool.quantity = pool.quantity.add(quantity);
        pool.totalQuantity = pool.totalQuantity.add(quantity);
        UserInfo storage user = userInfo[pairOfPid[pair]][account];
        user.quantity = user.quantity.add(quantity);
        user.blockNumber = block.number;
        return true;
    }"
ACF-102,Bad_Guys_by_RPF,2022,DeFi Hack Labs,High,https://wooded-meter-1d8.notion.site/0e85e02c5ed34df3855ea9f3ca40f53b?v=22e5e2c506ef4caeb40b4f78e23517ee&p=1d853c09cbba4b9f8607917941ef6766&pm=s,Access Control,Missing Modifier,"Missing check for ""chosenAmount"" in the WhiteListMint function which allowed the attacker to pass the number of NFTs he/she wanted to mint.","Potential unauthorized invocation of WhiteListMint(bytes32[] calldata _merkleProof, uint256 chosenAmount) public.",,Bad_Guys_by_RPF,"WhiteListMint(bytes32[] calldata _merkleProof, uint256 chosenAmount) public",1190,1209,"    function WhiteListMint(bytes32[] calldata _merkleProof, uint256 chosenAmount)
        public
    {
        require(_numberMinted(msg.sender)<1, ""Already Claimed"");
        require(isPaused == false, ""turn on minting"");
        require(
            chosenAmount > 0,
            ""Number Of Tokens Can Not Be Less Than Or Equal To 0""
        );
        require(
            totalSupply() + chosenAmount <= maxsupply - reserve,
            ""all tokens have been minted""
        );
        bytes32 leaf = keccak256(abi.encodePacked(msg.sender));
        require(
            MerkleProof.verify(_merkleProof, rootHash, leaf),
            ""Invalid Proof""
        );
        _safeMint(msg.sender, chosenAmount);
    }"
ACF-103,ANCHToken,2022,DeFi Hack Labs,High,https://wooded-meter-1d8.notion.site/0e85e02c5ed34df3855ea9f3ca40f53b?v=22e5e2c506ef4caeb40b4f78e23517ee&p=05e23ba475d74dc4911f67553219d482&pm=s,Access Control,Missing Modifier,"if it supports skim(), the token transfer does not check if recipient and sender are the same, any reward, factor and balance change in _transfer() function, then you are vulnerable for the attack.","Potential unauthorized invocation of _transfer( address sender, address recipient, uint256 tAmount ) private.",,ANCHToken,"_transfer( address sender, address recipient, uint256 tAmount ) private",764,789,"    function _transfer(
        address sender,
        address recipient,
        uint256 tAmount
    ) private {
        require(sender != address(0), ""ERC20: transfer from the zero address"");
        require(recipient != address(0), ""ERC20: transfer to the zero address"");
        require(tAmount > 0, ""Transfer amount must be greater than zero"");


		if(sender == uniswapV2Pair) {
            _tokenBuyTransferReward(sender, recipient, tAmount);
        } else if(recipient == uniswapV2Pair) {
            _tokenSellTransferReward(sender, recipient, tAmount);
        } else{

            uint256 currentRate = _getRate();
            uint256 rAmount = tAmount.mul(currentRate);
            _rOwned[sender] = _rOwned[sender].sub(rAmount);
            _rOwned[recipient] = _rOwned[recipient].add(rAmount);

            emit Transfer(sender, recipient, tAmount);
        }


    }"
ACF-104,Replica,2022,DeFi Hack Labs,High,https://wooded-meter-1d8.notion.site/0e85e02c5ed34df3855ea9f3ca40f53b?v=22e5e2c506ef4caeb40b4f78e23517ee&p=ad14e2665a33499e88b5ff5c2c0b3232&pm=s,Access Control,Unprotected Initialization,"business Logic Flaw, Incorrect acceptable merkle-root checks. Nomad team initialized the trusted root to be 0x00.","Potential unauthorized invocation of initialize( uint32 _remoteDomain, address _updater, bytes32 _committedRoot, uint256 _optimisticSeconds ) public initializer.",,Replica,"initialize( uint32 _remoteDomain, address _updater, bytes32 _committedRoot, uint256 _optimisticSeconds ) public initializer",103,117,"    function initialize(
        uint32 _remoteDomain,
        address _updater,
        bytes32 _committedRoot,
        uint256 _optimisticSeconds
    ) public initializer {
        __NomadBase_initialize(_updater);
        // set storage variables
        entered = 1;
        remoteDomain = _remoteDomain;
        committedRoot = _committedRoot;
        // pre-approve the committed root.
        confirmAt[_committedRoot] = 1;
        _setOptimisticTimeout(_optimisticSeconds);
    }"
ACF-105,Quixotic,2022,DeFi Hack Labs,High,https://wooded-meter-1d8.notion.site/0e85e02c5ed34df3855ea9f3ca40f53b?v=22e5e2c506ef4caeb40b4f78e23517ee&p=67a1acabd9fc411ca0ed2bc082313ea1&pm=s,Access Control,Missing Modifier,"The privileged entry point fillSellOrder( address payable seller, address contractAddress, uint256 tokenId, uint256 startTime, uint256 expiration, uint256 price, uint256 quantity, uint256 createdAtBlockNumber, address paymentERC20, bytes memory signature, address payable buyer ) external payable whenNotPaused nonReentrant lacks proper authorization validation, allowing unauthorized callers to reach sensitive logic.","Potential unauthorized invocation of fillSellOrder( address payable seller, address contractAddress, uint256 tokenId, uint256 startTime, uint256 expiration, uint256 price, uint256 quantity, uint256 createdAtBlockNumber, address paymentERC20, bytes memory signature, address payable buyer ) external payable whenNotPaused nonReentrant.",,Quixotic,"fillSellOrder( address payable seller, address contractAddress, uint256 tokenId, uint256 startTime, uint256 expiration, uint256 price, uint256 quantity, uint256 createdAtBlockNumber, address paymentERC20, bytes memory signature, address payable buyer ) external payable whenNotPaused nonReentrant",7,56,"    function fillSellOrder(
        address payable seller,
        address contractAddress,
        uint256 tokenId,
        uint256 startTime,
        uint256 expiration,
        uint256 price,
        uint256 quantity,
        uint256 createdAtBlockNumber,
        address paymentERC20,
        bytes memory signature,
        address payable buyer
    ) external payable whenNotPaused nonReentrant {
        // If the payment ERC20 is the zero address, we check that enough native ETH has been sent
        // with the transaction. Otherwise, we use the supplied ERC20 payment token.
        if (paymentERC20 == address(0)) {
            require(msg.value >= price, ""Transaction doesn't have the required ETH amount."");
        } else {
            _checkValidERC20Payment(buyer, price, paymentERC20);
        }

        SellOrder memory sellOrder = SellOrder(
            seller,
            contractAddress,
            tokenId,
            startTime,
            expiration,
            price,
            quantity,
            createdAtBlockNumber,
            paymentERC20
        );

        /* Make sure the order is not cancelled */
        require(
            cancellationRegistry.getSellOrderCancellationBlockNumber(seller, contractAddress, tokenId) < createdAtBlockNumber,
            ""This order has been cancelled.""
        );

        /* Check signature */
        require(_validateSellerSignature(sellOrder, signature), ""Signature is not valid for SellOrder.""); //vulnerable point

        // Check has started
        require((block.timestamp > startTime), ""SellOrder start time is in the future."");

        // Check not expired
        require((block.timestamp < expiration), ""This sell order has expired."");

        _fillSellOrder(sellOrder, buyer);
    }"
ACF-106,XCarnival,2022,DeFi Hack Labs,High,https://wooded-meter-1d8.notion.site/0e85e02c5ed34df3855ea9f3ca40f53b?v=22e5e2c506ef4caeb40b4f78e23517ee&p=7c440144148f47a99e468c216f5e22df&pm=s,Access Control,Missing Modifier,"call XToken contract's borrow(), there is no judgment that the NFT has been withdrawn. Parameter xToken can control, attakcer can withdraw pledged NFT.","Potential unauthorized invocation of pledgeAndBorrow(address _collection, uint256 _tokenId, uint256 _nftType, address xToken, uint256 borrowAmount) external nonReentrant.",,XNFT,"pledgeAndBorrow(address _collection, uint256 _tokenId, uint256 _nftType, address xToken, uint256 borrowAmount) external nonReentrant",108,111,"    function pledgeAndBorrow(address _collection, uint256 _tokenId, uint256 _nftType, address xToken, uint256 borrowAmount) external nonReentrant {
        uint256 orderId = pledgeInternal(_collection, _tokenId, _nftType);
        IXToken(xToken).borrow(orderId, payable(msg.sender), borrowAmount);
    }"
ACF-107,Compound,2022,DeFi Hack Labs,High,https://wooded-meter-1d8.notion.site/0e85e02c5ed34df3855ea9f3ca40f53b?v=22e5e2c506ef4caeb40b4f78e23517ee&p=0fad042e6c1d45439eb78d0560de3cd3&pm=s,Access Control,Missing Modifier,"if contract can make calls into arbitrary addresses, this can be abused. Attacker use legacy TUSD smart contract to trick compound.",Potential unauthorized invocation of sweepToken(EIP20NonStandardInterface token) external.,,CErc20,sweepToken(EIP20NonStandardInterface token) external,120,124,"    function sweepToken(EIP20NonStandardInterface token) external {
    	require(address(token) != underlying, ""CErc20::sweepToken: can not sweep underlying token"");
    	uint256 balance = token.balanceOf(address(this));
    	token.transfer(admin, balance);
    }"
ACF-108,TreasureDAO,2022,DeFi Hack Labs,High,https://wooded-meter-1d8.notion.site/0e85e02c5ed34df3855ea9f3ca40f53b?v=22e5e2c506ef4caeb40b4f78e23517ee&p=9c37b46d577e45e08f3db4f6527f0239&pm=s,Access Control,Missing Modifier,"Since _quantity can be zero, so attacker can buy NFT for free","Potential unauthorized invocation of buyItem( address _nftAddress, uint256 _tokenId, address _owner, uint256 _quantity ) external nonReentrant isListed(_nftAddress, _tokenId, _owner) validListing(_nftAddress, _tokenId, _owner).",,TreasureDAO,"buyItem( address _nftAddress, uint256 _tokenId, address _owner, uint256 _quantity ) external nonReentrant isListed(_nftAddress, _tokenId, _owner) validListing(_nftAddress, _tokenId, _owner)",1,41,"function buyItem(
        address _nftAddress,
        uint256 _tokenId,
        address _owner,
        uint256 _quantity
    )
        external
        nonReentrant
        isListed(_nftAddress, _tokenId, _owner)
        validListing(_nftAddress, _tokenId, _owner)
    {
        require(_msgSender() != _owner, ""Cannot buy your own item"");

        Listing memory listedItem = listings[_nftAddress][_tokenId][_owner];
        require(listedItem.quantity >= _quantity, ""not enough quantity"");  //vulnerable point, insufficient validation.

        // Transfer NFT to buyer
        if (IERC165(_nftAddress).supportsInterface(INTERFACE_ID_ERC721)) {
            IERC721(_nftAddress).safeTransferFrom(_owner, _msgSender(), _tokenId);
        } else {
            IERC1155(_nftAddress).safeTransferFrom(_owner, _msgSender(), _tokenId, _quantity, bytes(""""));
        }

        if (listedItem.quantity == _quantity) {
            delete (listings[_nftAddress][_tokenId][_owner]);
        } else {
            listings[_nftAddress][_tokenId][_owner].quantity -= _quantity;
        }

        emit ItemSold(
            _owner,
            _msgSender(),
            _nftAddress,
            _tokenId,
            _quantity,
            listedItem.pricePerItem
        );

        TreasureNFTOracle(oracle).reportSale(_nftAddress, _tokenId, paymentToken, listedItem.pricePerItem);
        _buyItem(listedItem.pricePerItem, _quantity, _owner);
    }"
ACF-109,QBridge,2022,DeFi Hack Labs,High,https://wooded-meter-1d8.notion.site/0e85e02c5ed34df3855ea9f3ca40f53b?v=22e5e2c506ef4caeb40b4f78e23517ee&p=a56fb91f2e2b4b869463562322060479&pm=s,Access Control,Missing Modifier,**safeTransferFrom() in SafeToken.sol** does not revert when the token EOA.  tokenAddress can be address(0) to pass all check to mint xETH.,"Potential unauthorized invocation of deposit(uint8 destinationDomainID, bytes32 resourceID, bytes calldata data) external payable notPaused.",,QBridge,"deposit(uint8 destinationDomainID, bytes32 resourceID, bytes calldata data) external payable notPaused",200,210,"    function deposit(uint8 destinationDomainID, bytes32 resourceID, bytes calldata data) external payable notPaused {
        require(msg.value == fee, ""QBridge: invalid fee"");

        address handler = resourceIDToHandlerAddress[resourceID];
        require(handler != address(0), ""QBridge: invalid resourceID"");

        uint64 depositNonce = ++_depositCounts[destinationDomainID];

        IQBridgeHandler(handler).deposit(resourceID, msg.sender, data);
        emit Deposit(destinationDomainID, resourceID, depositNonce, msg.sender, data);
    }"
ACF-110,QBridgeHandler,2022,DeFi Hack Labs,High,https://wooded-meter-1d8.notion.site/0e85e02c5ed34df3855ea9f3ca40f53b?v=22e5e2c506ef4caeb40b4f78e23517ee&p=a56fb91f2e2b4b869463562322060479&pm=s,Access Control,Missing Modifier,**safeTransferFrom() in SafeToken.sol** does not revert when the token EOA.  tokenAddress can be address(0) to pass all check to mint xETH.,"Potential unauthorized invocation of deposit(bytes32 resourceID, address depositer, bytes calldata data) external override onlyBridge.",,QBridgeHandler,"deposit(bytes32 resourceID, address depositer, bytes calldata data) external override onlyBridge",122,137,"    function deposit(bytes32 resourceID, address depositer, bytes calldata data) external override onlyBridge {
        uint option;
        uint amount;
        (option, amount) = abi.decode(data, (uint, uint));

        address tokenAddress = resourceIDToTokenContractAddress[resourceID];
        require(contractWhitelist[tokenAddress], ""provided tokenAddress is not whitelisted"");

        if (burnList[tokenAddress]) {
            require(amount >= withdrawalFees[resourceID], ""less than withdrawal fee"");
            QBridgeToken(tokenAddress).burnFrom(depositer, amount);
        } else {
            require(amount >= minAmounts[resourceID][option], ""less than minimum amount"");
            tokenAddress.safeTransferFrom(depositer, address(this), amount);
        }
    }"
ACF-111,tx1,2021,TTWeb,High,,Access Control,Missing Modifier,"Authorization associated with onlyOwner() relies on tx.origin instead of msg.sender, which can allow authorization checks to be bypassed via an intermediary contract.",Potential authorization bypass through onlyOwner().,,Ownable,onlyOwner(),158,161,"    modifier onlyOwner() {
        require(_owner == tx.origin, ""Ownable: caller is not the owner""); /* <TX_VUL>, [4. msg.sender->tx.origin] require(_owner == _msgSender(), ""Ownable: caller is not the owner""); */
        _;
    }"
ACF-112,tx2,2022,TTWeb,High,,Access Control,Missing Modifier,"Authorization associated with onlyOwner() relies on tx.origin instead of msg.sender, which can allow authorization checks to be bypassed via an intermediary contract.",Potential authorization bypass through onlyOwner().,,TattooMoneyPublicSaleIV,onlyOwner(),238,241,"    modifier onlyOwner() {
        require(tx.origin == owner, ""Only for contract Owner""); /* <TX_VUL>, [4. msg.sender->tx.origin] require(msg.sender == owner, ""Only for contract Owner""); */
        _;
    }"
ACF-113,tx3,2021,TTWeb,High,,Access Control,Missing Modifier,"Authorization associated with onlyOwner() relies on tx.origin instead of msg.sender, which can allow authorization checks to be bypassed via an intermediary contract.",Potential authorization bypass through onlyOwner().,,Ownable,onlyOwner(),26,29,"    modifier onlyOwner() {
        require(owner() == tx.origin, ""Ownable: caller is not the owner""); /* <TX_VUL>, [4. msg.sender->tx.origin] require(owner() == _msgSender(), ""Ownable: caller is not the owner""); */
        _;
    }"
ACF-114,tx4,2022,TTWeb,High,,Access Control,Missing Modifier,"Authorization associated with OnlyOwner() relies on tx.origin instead of msg.sender, which can allow authorization checks to be bypassed via an intermediary contract.",Potential authorization bypass through OnlyOwner().,,BetHorde,OnlyOwner(),533,536,"  modifier OnlyOwner() {
    require(tx.origin == state.owner, ""Owner""); /* <TX_VUL>, [4. msg.sender->tx.origin] require(msg.sender == state.owner, ""Owner""); */
    _;
  }"
ACF-115,tx5,2022,TTWeb,High,,Access Control,Missing Modifier,"Authorization associated with onlyOwner() relies on tx.origin instead of msg.sender, which can allow authorization checks to be bypassed via an intermediary contract.",Potential authorization bypass through onlyOwner().,,Fund3Week,onlyOwner(),139,142,"    modifier onlyOwner() {
        require(owner == tx.origin, ""!owner""); /* <TX_VUL> [4. msg.sender->tx.origin] require(owner == msg.sender, ""!owner""); */
        _;
    }"
ACF-116,tx6,2021,TTWeb,High,,Access Control,Missing Modifier,"Authorization associated with onlyOwner() relies on tx.origin instead of msg.sender, which can allow authorization checks to be bypassed via an intermediary contract.",Potential authorization bypass through onlyOwner().,,BridgeOperatable,onlyOwner(),27,30,"    modifier onlyOwner() {
        require(tx.origin == owner, 'onlyOwner: insufficient privilege'); /* <TX_VUL>, [4. msg.sender->tx.origin] require(msg.sender == owner, 'onlyOwner: insufficient privilege'); */
        _;
    }"
ACF-117,tx7,2017,TTWeb,High,,Access Control,Missing Modifier,"Authorization associated with onlyOwner() relies on tx.origin instead of msg.sender, which can allow authorization checks to be bypassed via an intermediary contract.",Potential authorization bypass through onlyOwner().,,owned,onlyOwner(),7,10,"modifier onlyOwner() {
        require(tx.origin == owner); /* <TX_VUL>, [4. msg.sender->tx.origin] require(msg.sender == owner); */
        _;
    }"
ACF-118,tx8,2022,TTWeb,High,,Access Control,Missing Modifier,"Authorization associated with onlyOwner() relies on tx.origin instead of msg.sender, which can allow authorization checks to be bypassed via an intermediary contract.",Potential authorization bypass through onlyOwner().,,Ownable,onlyOwner(),127,130,"    modifier onlyOwner() {
        require(owner() == tx.origin, ""Ownable: caller is not the owner""); /* <TX_VUL>, [4. msg.sender->tx.origin] require(owner() == _msgSender(), ""Ownable: caller is not the owner""); */
        _;
    }"
